{
	"credit": "Made with Blockbench",
	"texture_size": [32, 32],
	"textures": {
		"2": "item/customtex/ChristmasTreeSpruce",
		"particle": "item/customtex/ChristmasTreeSpruce"
	},
	"elements": [
		{
			"from": [7, 0, 7],
			"to": [9, 11, 9],
			"rotation": {"angle": 0, "axis": "y", "origin": [8, -7, 8]},
			"faces": {
				"north": {"uv": [0, 10.5, 1, 16], "texture": "#2"},
				"east": {"uv": [0, 10.5, 1, 16], "texture": "#2"},
				"south": {"uv": [0, 10.5, 1, 16], "texture": "#2"},
				"west": {"uv": [0, 10.5, 1, 16], "texture": "#2"},
				"up": {"uv": [1, 10.5, 2, 11.5], "texture": "#2"},
				"down": {"uv": [1, 15, 2, 16], "texture": "#2"}
			}
		},
		{
			"from": [5, 5.37433, 6.09077],
			"to": [9, 6.37433, 11.09077],
			"rotation": {"angle": 22.5, "axis": "x", "origin": [9, -1.62567, 4.09077]},
			"faces": {
				"north": {"uv": [0, 0, 2, 0.5], "rotation": 180, "texture": "#2"},
				"east": {"uv": [0, 0, 2.5, 0.5], "rotation": 180, "texture": "#2"},
				"south": {"uv": [0, 0, 2, 0.5], "rotation": 180, "texture": "#2"},
				"west": {"uv": [0, 0, 2.5, 0.5], "rotation": 180, "texture": "#2"},
				"up": {"uv": [0, 2.5, 2, 0], "texture": "#2"},
				"down": {"uv": [0, 0, 2, 2.5], "texture": "#2"}
			}
		},
		{
			"from": [9, 5.37433, 6.09077],
			"to": [11, 6.37433, 11.09077],
			"rotation": {"angle": 22.5, "axis": "x", "origin": [9, -1.62567, 4.09077]},
			"faces": {
				"north": {"uv": [0, 0, 1, 0.5], "rotation": 180, "texture": "#2"},
				"east": {"uv": [0, 0, 2.5, 0.5], "rotation": 180, "texture": "#2"},
				"south": {"uv": [0, 0, 1, 0.5], "rotation": 180, "texture": "#2"},
				"west": {"uv": [0, 0, 2.5, 0.5], "rotation": 180, "texture": "#2"},
				"up": {"uv": [0, 2.5, 1, 0], "texture": "#2"},
				"down": {"uv": [0, 0, 1, 2.5], "texture": "#2"}
			}
		},
		{
			"from": [7, 4.01281, 2.30703],
			"to": [11, 5.01281, 7.30703],
			"rotation": {"angle": -22.5, "axis": "x", "origin": [9, 4.23463, 7.18571]},
			"faces": {
				"north": {"uv": [0, 0, 2, 0.5], "texture": "#2"},
				"east": {"uv": [0, 0, 2.5, 0.5], "texture": "#2"},
				"south": {"uv": [0, 0, 2, 0.5], "texture": "#2"},
				"west": {"uv": [0, 0, 2.5, 0.5], "texture": "#2"},
				"up": {"uv": [0, 0, 2, 2.5], "texture": "#2"},
				"down": {"uv": [0, 2.5, 2, 0], "texture": "#2"}
			}
		},
		{
			"from": [5, 4.01281, 2.30703],
			"to": [7, 5.01281, 7.30703],
			"rotation": {"angle": -22.5, "axis": "x", "origin": [9, 4.23463, 7.18571]},
			"faces": {
				"north": {"uv": [0, 0, 1, 0.5], "texture": "#2"},
				"east": {"uv": [0, 0, 2.5, 0.5], "texture": "#2"},
				"south": {"uv": [0, 0, 1, 0.5], "texture": "#2"},
				"west": {"uv": [0, 0, 2.5, 0.5], "texture": "#2"},
				"up": {"uv": [0, 0, 1, 2.5], "texture": "#2"},
				"down": {"uv": [0, 2.5, 1, 0], "texture": "#2"}
			}
		},
		{
			"from": [11.83102, 4.23252, 5],
			"to": [16.83102, 5.23252, 9],
			"rotation": {"angle": -22.5, "axis": "z", "origin": [9.83102, 12.23252, 9]},
			"faces": {
				"north": {"uv": [0, 0, 2.5, 0.5], "texture": "#2"},
				"east": {"uv": [0, 0, 2, 0.5], "texture": "#2"},
				"south": {"uv": [0, 0, 2.5, 0.5], "texture": "#2"},
				"west": {"uv": [0, 0, 2, 0.5], "texture": "#2"},
				"up": {"uv": [0, 0, 2, 2.5], "rotation": 90, "texture": "#2"},
				"down": {"uv": [0, 2.5, 2, 0], "rotation": 270, "texture": "#2"}
			}
		},
		{
			"from": [11.83102, 4.23252, 9],
			"to": [16.83102, 5.23252, 11],
			"rotation": {"angle": -22.5, "axis": "z", "origin": [9.83102, 12.23252, 9]},
			"faces": {
				"north": {"uv": [0, 0, 2.5, 0.5], "texture": "#2"},
				"east": {"uv": [0, 0, 1, 0.5], "texture": "#2"},
				"south": {"uv": [0, 0, 2.5, 0.5], "texture": "#2"},
				"west": {"uv": [0, 0, 1, 0.5], "texture": "#2"},
				"up": {"uv": [0, 0, 1, 2.5], "rotation": 90, "texture": "#2"},
				"down": {"uv": [0, 2.5, 1, 0], "rotation": 270, "texture": "#2"}
			}
		},
		{
			"from": [2.41855, 3.75369, 7],
			"to": [7.41855, 4.75369, 11],
			"rotation": {"angle": 22.5, "axis": "z", "origin": [6.59012, 3.82475, 10]},
			"faces": {
				"north": {"uv": [0, 0, 2.5, 0.5], "rotation": 180, "texture": "#2"},
				"east": {"uv": [0, 0, 2, 0.5], "rotation": 180, "texture": "#2"},
				"south": {"uv": [0, 0, 2.5, 0.5], "rotation": 180, "texture": "#2"},
				"west": {"uv": [0, 0, 2, 0.5], "rotation": 180, "texture": "#2"},
				"up": {"uv": [0, 2.5, 2, 0], "rotation": 90, "texture": "#2"},
				"down": {"uv": [0, 0, 2, 2.5], "rotation": 270, "texture": "#2"}
			}
		},
		{
			"from": [2.41855, 3.75369, 5],
			"to": [7.41855, 4.75369, 7],
			"rotation": {"angle": 22.5, "axis": "z", "origin": [6.59012, 3.82475, 10]},
			"faces": {
				"north": {"uv": [0, 0, 2.5, 0.5], "rotation": 180, "texture": "#2"},
				"east": {"uv": [0, 0, 1, 0.5], "rotation": 180, "texture": "#2"},
				"south": {"uv": [0, 0, 2.5, 0.5], "rotation": 180, "texture": "#2"},
				"west": {"uv": [0, 0, 1, 0.5], "rotation": 180, "texture": "#2"},
				"up": {"uv": [0, 2.5, 1, 0], "rotation": 90, "texture": "#2"},
				"down": {"uv": [0, 0, 1, 2.5], "rotation": 270, "texture": "#2"}
			}
		},
		{
			"from": [5.24264, -2.24264, 6.5],
			"to": [6.24264, 2.75736, 9.5],
			"rotation": {"angle": -45, "axis": "z", "origin": [11.24264, 2.75736, 8]},
			"faces": {
				"north": {"uv": [0, 0, 2.5, 0.5], "rotation": 270, "texture": "#2"},
				"east": {"uv": [0, 0, 1.5, 2.5], "rotation": 180, "texture": "#2"},
				"south": {"uv": [0, 0, 2.5, 0.5], "rotation": 90, "texture": "#2"},
				"west": {"uv": [0, 0, 1.5, 2.5], "texture": "#2"},
				"up": {"uv": [0, 0, 1.5, 0.5], "rotation": 90, "texture": "#2"},
				"down": {"uv": [0, 0, 1.5, 0.5], "rotation": 90, "texture": "#2"}
			}
		},
		{
			"from": [11.41421, 1.75736, 6.5],
			"to": [12.41421, 6.75736, 9.5],
			"rotation": {"angle": 45, "axis": "z", "origin": [10.41421, 2.75736, 7.5]},
			"faces": {
				"north": {"uv": [0, 0, 2.5, 0.5], "rotation": 270, "texture": "#2"},
				"east": {"uv": [0, 0, 1.5, 2.5], "rotation": 180, "texture": "#2"},
				"south": {"uv": [0, 0, 2.5, 0.5], "rotation": 90, "texture": "#2"},
				"west": {"uv": [0, 0, 1.5, 2.5], "texture": "#2"},
				"up": {"uv": [0, 0, 1.5, 0.5], "rotation": 90, "texture": "#2"},
				"down": {"uv": [0, 0, 1.5, 0.5], "rotation": 90, "texture": "#2"}
			}
		},
		{
			"from": [6.5, 5.53553, 8.46447],
			"to": [9.5, 10.53553, 9.46447],
			"rotation": {"angle": 45, "axis": "x", "origin": [7.5, 10.53553, 3.46447]},
			"faces": {
				"north": {"uv": [0, 0, 1.5, 2.5], "rotation": 180, "texture": "#2"},
				"east": {"uv": [0, 0, 2.5, 0.5], "rotation": 90, "texture": "#2"},
				"south": {"uv": [0, 0, 1.5, 2.5], "texture": "#2"},
				"west": {"uv": [0, 0, 2.5, 0.5], "rotation": 270, "texture": "#2"},
				"up": {"uv": [0, 0, 1.5, 0.5], "texture": "#2"},
				"down": {"uv": [0, 0, 1.5, 0.5], "rotation": 180, "texture": "#2"}
			}
		},
		{
			"from": [6.5, -2.24264, 9.75736],
			"to": [9.5, 2.75736, 10.75736],
			"rotation": {"angle": -45, "axis": "x", "origin": [8, 2.75736, 4.75736]},
			"faces": {
				"north": {"uv": [0, 0, 1.5, 2.5], "rotation": 180, "texture": "#2"},
				"east": {"uv": [0, 0, 2.5, 0.5], "rotation": 90, "texture": "#2"},
				"south": {"uv": [0, 0, 1.5, 2.5], "texture": "#2"},
				"west": {"uv": [0, 0, 2.5, 0.5], "rotation": 270, "texture": "#2"},
				"up": {"uv": [0, 0, 1.5, 0.5], "texture": "#2"},
				"down": {"uv": [0, 0, 1.5, 0.5], "rotation": 180, "texture": "#2"}
			}
		},
		{
			"from": [6.5, 7.41421, 7.17157],
			"to": [9.5, 11.41421, 8.17157],
			"rotation": {"angle": 45, "axis": "x", "origin": [7, 10.41421, 4.17157]},
			"faces": {
				"north": {"uv": [0, 0, 1.5, 2], "rotation": 180, "texture": "#2"},
				"east": {"uv": [0, 0, 2, 0.5], "rotation": 90, "texture": "#2"},
				"south": {"uv": [0, 0, 1.5, 2], "texture": "#2"},
				"west": {"uv": [0, 0, 2, 0.5], "rotation": 270, "texture": "#2"},
				"up": {"uv": [0, 0, 1.5, 0.5], "texture": "#2"},
				"down": {"uv": [0, 0, 1.5, 0.5], "rotation": 180, "texture": "#2"}
			}
		},
		{
			"from": [6.87868, 3.70711, 6.5],
			"to": [7.87868, 7.70711, 9.5],
			"rotation": {"angle": 45, "axis": "z", "origin": [6.87868, 9.70711, 3.5]},
			"faces": {
				"north": {"uv": [0, 0, 2, 0.5], "rotation": 270, "texture": "#2"},
				"east": {"uv": [0, 0, 1.5, 2], "rotation": 180, "texture": "#2"},
				"south": {"uv": [0, 0, 2, 0.5], "rotation": 90, "texture": "#2"},
				"west": {"uv": [0, 0, 1.5, 2], "texture": "#2"},
				"up": {"uv": [0, 0, 1.5, 0.5], "rotation": 90, "texture": "#2"},
				"down": {"uv": [0, 0, 1.5, 0.5], "rotation": 90, "texture": "#2"}
			}
		},
		{
			"from": [8, 5.41421, 6.5],
			"to": [9, 9.41421, 9.5],
			"rotation": {"angle": -45, "axis": "z", "origin": [7, 10.41421, 4.17157]},
			"faces": {
				"north": {"uv": [0, 0, 2, 0.5], "rotation": 270, "texture": "#2"},
				"east": {"uv": [0, 0, 1.5, 2], "rotation": 180, "texture": "#2"},
				"south": {"uv": [0, 0, 2, 0.5], "rotation": 90, "texture": "#2"},
				"west": {"uv": [0, 0, 1.5, 2], "texture": "#2"},
				"up": {"uv": [0, 0, 1.5, 0.5], "rotation": 90, "texture": "#2"},
				"down": {"uv": [0, 0, 1.5, 0.5], "rotation": 90, "texture": "#2"}
			}
		},
		{
			"from": [6.5, 1.70711, 6.05025],
			"to": [9.5, 5.70711, 7.05025],
			"rotation": {"angle": -45, "axis": "x", "origin": [7.5, 9.70711, 4.05025]},
			"faces": {
				"north": {"uv": [0, 0, 1.5, 2], "rotation": 180, "texture": "#2"},
				"east": {"uv": [0, 0, 2, 0.5], "rotation": 90, "texture": "#2"},
				"south": {"uv": [0, 0, 1.5, 2], "texture": "#2"},
				"west": {"uv": [0, 0, 2, 0.5], "rotation": 270, "texture": "#2"},
				"up": {"uv": [0, 0, 1.5, 0.5], "texture": "#2"},
				"down": {"uv": [0, 0, 1.5, 0.5], "rotation": 180, "texture": "#2"}
			}
		},
		{
			"from": [6.08239, 7.38687, 7],
			"to": [7.08239, 10.38687, 9],
			"rotation": {"angle": -22.5, "axis": "z", "origin": [8.08239, 8.38687, 7]},
			"faces": {
				"north": {"uv": [0, 0, 1.5, 0.5], "rotation": 270, "texture": "#2"},
				"east": {"uv": [0, 0, 1, 1.5], "rotation": 180, "texture": "#2"},
				"south": {"uv": [0, 0, 1.5, 0.5], "rotation": 90, "texture": "#2"},
				"west": {"uv": [0, 0, 1, 1.5], "texture": "#2"},
				"up": {"uv": [0, 0, 1, 0.5], "rotation": 90, "texture": "#2"},
				"down": {"uv": [0, 0, 1, 0.5], "rotation": 90, "texture": "#2"}
			}
		},
		{
			"from": [6.62151, 6.93015, 7],
			"to": [7.62151, 9.93015, 9],
			"rotation": {"angle": 22.5, "axis": "z", "origin": [5.62151, 13.93015, 7]},
			"faces": {
				"north": {"uv": [0, 0, 1.5, 0.5], "rotation": 90, "texture": "#2"},
				"east": {"uv": [0, 0, 1, 1.5], "rotation": 180, "texture": "#2"},
				"south": {"uv": [0, 0, 1.5, 0.5], "rotation": 270, "texture": "#2"},
				"west": {"uv": [0, 0, 1, 1.5], "texture": "#2"},
				"up": {"uv": [0, 0, 1, 0.5], "rotation": 270, "texture": "#2"},
				"down": {"uv": [0, 0, 1, 0.5], "rotation": 270, "texture": "#2"}
			}
		},
		{
			"from": [7, 7.08239, 7.38687],
			"to": [9, 10.08239, 8.38687],
			"rotation": {"angle": -22.5, "axis": "x", "origin": [7, 12.08239, 6.38687]},
			"faces": {
				"north": {"uv": [0, 0, 1, 1.5], "rotation": 180, "texture": "#2"},
				"east": {"uv": [0, 0, 1.5, 0.5], "rotation": 90, "texture": "#2"},
				"south": {"uv": [0, 0, 1, 1.5], "texture": "#2"},
				"west": {"uv": [0, 0, 1.5, 0.5], "rotation": 270, "texture": "#2"},
				"up": {"uv": [0, 0, 1, 0.5], "texture": "#2"},
				"down": {"uv": [0, 0, 1, 0.5], "rotation": 180, "texture": "#2"}
			}
		},
		{
			"from": [7, 8.4588, 6.69344],
			"to": [9, 11.4588, 7.69344],
			"rotation": {"angle": 22.5, "axis": "x", "origin": [7, 10.4588, 5.69344]},
			"faces": {
				"north": {"uv": [0, 0, 1, 1.5], "rotation": 180, "texture": "#2"},
				"east": {"uv": [0, 0, 1.5, 0.5], "rotation": 90, "texture": "#2"},
				"south": {"uv": [0, 0, 1, 1.5], "texture": "#2"},
				"west": {"uv": [0, 0, 1.5, 0.5], "rotation": 270, "texture": "#2"},
				"up": {"uv": [0, 0, 1, 0.5], "texture": "#2"},
				"down": {"uv": [0, 0, 1, 0.5], "rotation": 180, "texture": "#2"}
			}
		},
		{
			"from": [7.5, 11, 7.5],
			"to": [8.5, 15, 8.5],
			"rotation": {"angle": 0, "axis": "y", "origin": [7, -7, 7]},
			"faces": {
				"north": {"uv": [15.5, 0, 16, 2], "texture": "#2"},
				"east": {"uv": [15.5, 0, 16, 2], "texture": "#2"},
				"south": {"uv": [15.5, 0, 16, 2], "texture": "#2"},
				"west": {"uv": [15.5, 0, 16, 2], "texture": "#2"},
				"up": {"uv": [15.5, 0, 16, 0.5], "texture": "#2"},
				"down": {"uv": [15.5, 0, 16, 0.5], "texture": "#2"}
			}
		},
		{
			"from": [8, 11, 6],
			"to": [8, 14, 10],
			"rotation": {"angle": 0, "axis": "y", "origin": [7, -7, 7]},
			"faces": {
				"north": {"uv": [0, 0, 0, 1.5], "texture": "#2"},
				"east": {"uv": [14, 2, 16, 3.5], "texture": "#2"},
				"south": {"uv": [0, 0, 0, 1.5], "texture": "#2"},
				"west": {"uv": [14, 2, 16, 3.5], "texture": "#2"},
				"up": {"uv": [0, 0, 0, 2], "texture": "#2"},
				"down": {"uv": [0, 0, 0, 2], "texture": "#2"}
			}
		},
		{
			"from": [6, 11, 8],
			"to": [10, 14, 8],
			"rotation": {"angle": 0, "axis": "y", "origin": [7, -7, 7]},
			"faces": {
				"north": {"uv": [14, 2, 16, 3.5], "texture": "#2"},
				"east": {"uv": [0, 0, 0, 1.5], "texture": "#2"},
				"south": {"uv": [14, 2, 16, 3.5], "texture": "#2"},
				"west": {"uv": [0, 0, 0, 1.5], "texture": "#2"},
				"up": {"uv": [0, 0, 0, 2], "rotation": 90, "texture": "#2"},
				"down": {"uv": [0, 0, 0, 2], "rotation": 270, "texture": "#2"}
			}
		},
		{
			"from": [9, 6, 9],
			"to": [11, 8, 11],
			"rotation": {"angle": 0, "axis": "y", "origin": [7, -7, 7]},
			"faces": {
				"north": {"uv": [15, 14, 16, 15], "texture": "#2"},
				"east": {"uv": [15, 14, 16, 15], "texture": "#2"},
				"south": {"uv": [15, 14, 16, 15], "texture": "#2"},
				"west": {"uv": [15, 14, 16, 15], "texture": "#2"},
				"up": {"uv": [15, 14, 16, 15], "texture": "#2"},
				"down": {"uv": [15, 14, 16, 15], "texture": "#2"}
			}
		},
		{
			"from": [10, 3, 3],
			"to": [12, 5, 5],
			"rotation": {"angle": 0, "axis": "y", "origin": [7, -7, 7]},
			"faces": {
				"north": {"uv": [15, 15, 16, 16], "texture": "#2"},
				"east": {"uv": [15, 15, 16, 16], "texture": "#2"},
				"south": {"uv": [15, 15, 16, 16], "texture": "#2"},
				"west": {"uv": [15, 15, 16, 16], "texture": "#2"},
				"up": {"uv": [15, 15, 16, 16], "texture": "#2"},
				"down": {"uv": [15, 15, 16, 16], "texture": "#2"}
			}
		},
		{
			"from": [3, 5, 6],
			"to": [5, 7, 8],
			"rotation": {"angle": 0, "axis": "y", "origin": [7, -7, 7]},
			"faces": {
				"north": {"uv": [15, 13, 16, 14], "texture": "#2"},
				"east": {"uv": [15, 13, 16, 14], "texture": "#2"},
				"south": {"uv": [15, 13, 16, 14], "texture": "#2"},
				"west": {"uv": [15, 13, 16, 14], "texture": "#2"},
				"up": {"uv": [15, 13, 16, 14], "texture": "#2"},
				"down": {"uv": [15, 13, 16, 14], "texture": "#2"}
			}
		},
		{
			"from": [5, 3, 12],
			"to": [11, 7, 12],
			"rotation": {"angle": 0, "axis": "y", "origin": [7, -7, 7]},
			"faces": {
				"north": {"uv": [13, 6.5, 10, 8.5], "texture": "#2"},
				"east": {"uv": [0, 0, 0, 2], "texture": "#2"},
				"south": {"uv": [10, 6.5, 13, 8.5], "texture": "#2"},
				"west": {"uv": [0, 0, 0, 2], "texture": "#2"},
				"up": {"uv": [0, 0, 3, 0], "texture": "#2"},
				"down": {"uv": [0, 0, 3, 0], "texture": "#2"}
			}
		},
		{
			"from": [5, 4, 4],
			"to": [11, 8, 4],
			"rotation": {"angle": 0, "axis": "y", "origin": [7, -7, 7]},
			"faces": {
				"north": {"uv": [13, 6.5, 16, 8.5], "texture": "#2"},
				"east": {"uv": [0, 0, 0, 2], "texture": "#2"},
				"south": {"uv": [16, 6.5, 13, 8.5], "texture": "#2"},
				"west": {"uv": [0, 0, 0, 2], "texture": "#2"},
				"up": {"uv": [0, 0, 3, 0], "texture": "#2"},
				"down": {"uv": [0, 0, 3, 0], "texture": "#2"}
			}
		},
		{
			"from": [12, 2, 5],
			"to": [12, 6, 11],
			"rotation": {"angle": 0, "axis": "y", "origin": [7, -7, 7]},
			"faces": {
				"north": {"uv": [0, 0, 0, 2], "texture": "#2"},
				"east": {"uv": [7, 6.5, 10, 8.5], "texture": "#2"},
				"south": {"uv": [0, 0, 0, 2], "texture": "#2"},
				"west": {"uv": [10, 6.5, 7, 8.5], "texture": "#2"},
				"up": {"uv": [0, 0, 3, 0], "rotation": 270, "texture": "#2"},
				"down": {"uv": [0, 0, 3, 0], "rotation": 90, "texture": "#2"}
			}
		},
		{
			"from": [4, 2, 5],
			"to": [4, 6, 11],
			"rotation": {"angle": 0, "axis": "y", "origin": [7, -7, 7]},
			"faces": {
				"north": {"uv": [0, 0, 0, 2], "texture": "#2"},
				"east": {"uv": [7, 6.5, 4, 8.5], "texture": "#2"},
				"south": {"uv": [0, 0, 0, 2], "texture": "#2"},
				"west": {"uv": [4, 6.5, 7, 8.5], "texture": "#2"},
				"up": {"uv": [0, 0, 3, 0], "rotation": 270, "texture": "#2"},
				"down": {"uv": [0, 0, 3, 0], "rotation": 90, "texture": "#2"}
			}
		},
		{
			"from": [3.41831, 3, 5.82434],
			"to": [3.41831, 7, 7.24434],
			"rotation": {"angle": -45, "axis": "y", "origin": [6.41831, -8, 6.82434]},
			"faces": {
				"north": {"uv": [0, 0, 0, 2], "texture": "#2"},
				"east": {"uv": [7.71, 3.5, 7, 5.5], "texture": "#2"},
				"south": {"uv": [0, 0, 0, 2], "texture": "#2"},
				"west": {"uv": [7, 3.5, 7.71, 5.5], "texture": "#2"},
				"up": {"uv": [0, 0, 0.71, 0], "rotation": 270, "texture": "#2"},
				"down": {"uv": [0, 0, 0.71, 0], "rotation": 90, "texture": "#2"}
			}
		},
		{
			"from": [13.34344, 2, 5.75665],
			"to": [13.34344, 6, 7.17665],
			"rotation": {"angle": -45, "axis": "y", "origin": [6.34344, -7, 6.75665]},
			"faces": {
				"north": {"uv": [0, 0, 0, 2], "texture": "#2"},
				"east": {"uv": [9, 3.5, 9.71, 5.5], "texture": "#2"},
				"south": {"uv": [0, 0, 0, 2], "texture": "#2"},
				"west": {"uv": [9.71, 3.5, 9, 5.5], "texture": "#2"},
				"up": {"uv": [0, 0, 0.71, 0], "rotation": 270, "texture": "#2"},
				"down": {"uv": [0, 0, 0.71, 0], "rotation": 90, "texture": "#2"}
			}
		},
		{
			"from": [8.82335, 3, 13.34344],
			"to": [10.24335, 7, 13.34344],
			"rotation": {"angle": -45, "axis": "y", "origin": [9.24335, -6, 6.34344]},
			"faces": {
				"north": {"uv": [10.5, 3.5, 11.21, 5.5], "texture": "#2"},
				"east": {"uv": [0, 0, 0, 2], "texture": "#2"},
				"south": {"uv": [10.5, 3.5, 11.21, 5.5], "texture": "#2"},
				"west": {"uv": [0, 0, 0, 2], "texture": "#2"},
				"up": {"uv": [0, 0, 0.71, 0], "texture": "#2"},
				"down": {"uv": [0, 0, 0.71, 0], "texture": "#2"}
			}
		},
		{
			"from": [8.75566, 3, 3.41831],
			"to": [10.17566, 7, 3.41831],
			"rotation": {"angle": -45, "axis": "y", "origin": [9.17566, -5, 6.41831]},
			"faces": {
				"north": {"uv": [8, 3.5, 8.71, 5.5], "texture": "#2"},
				"east": {"uv": [0, 0, 0, 2], "texture": "#2"},
				"south": {"uv": [8, 3.5, 8.71, 5.5], "texture": "#2"},
				"west": {"uv": [0, 0, 0, 2], "texture": "#2"},
				"up": {"uv": [0, 0, 0.71, 0], "texture": "#2"},
				"down": {"uv": [0, 0, 0.71, 0], "texture": "#2"}
			}
		}
	],
	"display": {
		"thirdperson_righthand": {
			"translation": [0, 5.5, 1.75]
		},
		"thirdperson_lefthand": {
			"translation": [0, 5.5, 1.75]
		},
		"firstperson_righthand": {
			"translation": [2.75, 4.25, 0]
		},
		"firstperson_lefthand": {
			"translation": [2.75, 4.25, 0]
		},
		"head": {
			"translation": [0, 15, 0]
		}
	},
	"groups": [
		{
			"name": "group",
			"origin": [8, 8, 8],
			"color": 0,
			"children": [
				{
					"name": "uwu",
					"origin": [8, 8, 8],
					"color": 0,
					"children": [
						0,
						{
							"name": "1",
							"origin": [8, 8, 8],
							"color": 0,
							"children": [1, 2, 3, 4, 5, 6, 7, 8]
						},
						{
							"name": "2",
							"origin": [8, 8, 8],
							"color": 0,
							"children": [9, 10, 11, 12]
						},
						{
							"name": "3",
							"origin": [8, 8, 8],
							"color": 0,
							"children": [13, 14, 15, 16]
						},
						{
							"name": "4",
							"origin": [8, 8, 8],
							"color": 0,
							"children": [17, 18, 19, 20]
						}
					]
				},
				{
					"name": "paap",
					"origin": [8, 8, 8],
					"color": 0,
					"children": [
						{
							"name": "star",
							"origin": [8, 8, 8],
							"color": 0,
							"children": [21, 22, 23]
						},
						{
							"name": "ball",
							"origin": [8, 8, 8],
							"color": 0,
							"children": [24, 25, 26]
						},
						{
							"name": "mishura",
							"origin": [8, 8, 8],
							"color": 0,
							"children": [27, 28, 29, 30, 31, 32, 33, 34]
						}
					]
				}
			]
		}
	]
}