{
	"credit": "Made with Blockbench",
	"texture_size": [32, 32],
	"textures": {
		"0": "item/customtex/Sock",
		"particle": "item/customtex/Sock"
	},
	"elements": [
		{
			"from": [5, 14, 7.5],
			"to": [10, 15, 8.5],
			"rotation": {"angle": 0, "axis": "z", "origin": [10, 14, 7]},
			"faces": {
				"north": {"uv": [0, 0, 2.5, 0.5], "texture": "#0"},
				"east": {"uv": [6.5, 5, 7, 5.5], "texture": "#0"},
				"south": {"uv": [0, 0.5, 2.5, 1], "texture": "#0"},
				"west": {"uv": [6.5, 5.5, 7, 6], "texture": "#0"},
				"up": {"uv": [2.5, 1.5, 0, 1], "texture": "#0"},
				"down": {"uv": [2.5, 1.5, 0, 2], "texture": "#0"}
			}
		},
		{
			"from": [10, 11, 7.5],
			"to": [11, 14, 8.5],
			"faces": {
				"north": {"uv": [6.5, 3.5, 7, 5], "texture": "#0"},
				"east": {"uv": [5, 6.5, 5.5, 8], "texture": "#0"},
				"south": {"uv": [5.5, 6.5, 6, 8], "texture": "#0"},
				"west": {"uv": [6, 6.5, 6.5, 8], "texture": "#0"},
				"up": {"uv": [9, 8, 8.5, 7.5], "texture": "#0"},
				"down": {"uv": [9, 8, 8.5, 8.5], "texture": "#0"}
			}
		},
		{
			"from": [4, 11, 7.5],
			"to": [5, 14, 8.5],
			"faces": {
				"north": {"uv": [6.5, 6.5, 7, 8], "texture": "#0"},
				"east": {"uv": [7, 3.5, 7.5, 5], "texture": "#0"},
				"south": {"uv": [7, 5, 7.5, 6.5], "texture": "#0"},
				"west": {"uv": [7, 6.5, 7.5, 8], "texture": "#0"},
				"up": {"uv": [9, 9, 8.5, 8.5], "texture": "#0"},
				"down": {"uv": [9.5, 0, 9, 0.5], "texture": "#0"}
			}
		},
		{
			"from": [5, 11, 7.5],
			"to": [6, 14, 8.5],
			"faces": {
				"north": {"uv": [7.5, 3.5, 8, 5], "texture": "#0"},
				"east": {"uv": [7.5, 5, 8, 6.5], "texture": "#0"},
				"south": {"uv": [7.5, 6.5, 8, 8], "texture": "#0"},
				"west": {"uv": [0, 8, 0.5, 9.5], "texture": "#0"},
				"up": {"uv": [9.5, 1, 9, 0.5], "texture": "#0"},
				"down": {"uv": [9.5, 1, 9, 1.5], "texture": "#0"}
			}
		},
		{
			"from": [6, 11, 7.5],
			"to": [7, 14, 8.5],
			"faces": {
				"north": {"uv": [0.5, 8, 1, 9.5], "texture": "#0"},
				"east": {"uv": [1, 8, 1.5, 9.5], "texture": "#0"},
				"south": {"uv": [1.5, 8, 2, 9.5], "texture": "#0"},
				"west": {"uv": [2, 8, 2.5, 9.5], "texture": "#0"},
				"up": {"uv": [9.5, 2, 9, 1.5], "texture": "#0"},
				"down": {"uv": [9.5, 2, 9, 2.5], "texture": "#0"}
			}
		},
		{
			"from": [7, 11, 7.5],
			"to": [8, 14, 8.5],
			"faces": {
				"north": {"uv": [2.5, 8, 3, 9.5], "texture": "#0"},
				"east": {"uv": [3, 8, 3.5, 9.5], "texture": "#0"},
				"south": {"uv": [3.5, 8, 4, 9.5], "texture": "#0"},
				"west": {"uv": [8, 3.5, 8.5, 5], "texture": "#0"},
				"up": {"uv": [9.5, 3, 9, 2.5], "texture": "#0"},
				"down": {"uv": [9.5, 3, 9, 3.5], "texture": "#0"}
			}
		},
		{
			"from": [8, 11, 7.5],
			"to": [9, 14, 8.5],
			"faces": {
				"north": {"uv": [4, 8, 4.5, 9.5], "texture": "#0"},
				"east": {"uv": [4.5, 8, 5, 9.5], "texture": "#0"},
				"south": {"uv": [5, 8, 5.5, 9.5], "texture": "#0"},
				"west": {"uv": [8, 5, 8.5, 6.5], "texture": "#0"},
				"up": {"uv": [9.5, 4, 9, 3.5], "texture": "#0"},
				"down": {"uv": [9.5, 4, 9, 4.5], "texture": "#0"}
			}
		},
		{
			"from": [9, 11, 7.5],
			"to": [10, 14, 8.5],
			"faces": {
				"north": {"uv": [5.5, 8, 6, 9.5], "texture": "#0"},
				"east": {"uv": [6, 8, 6.5, 9.5], "texture": "#0"},
				"south": {"uv": [6.5, 8, 7, 9.5], "texture": "#0"},
				"west": {"uv": [8, 6.5, 8.5, 8], "texture": "#0"},
				"up": {"uv": [9.5, 5, 9, 4.5], "texture": "#0"},
				"down": {"uv": [9.5, 5, 9, 5.5], "texture": "#0"}
			}
		},
		{
			"from": [9, 7, 7.5],
			"to": [10, 11, 8.5],
			"faces": {
				"north": {"uv": [0, 2, 0.5, 4], "texture": "#0"},
				"east": {"uv": [0.5, 2, 1, 4], "texture": "#0"},
				"south": {"uv": [1, 2, 1.5, 4], "texture": "#0"},
				"west": {"uv": [1.5, 2, 2, 4], "texture": "#0"},
				"up": {"uv": [9.5, 6, 9, 5.5], "texture": "#0"},
				"down": {"uv": [9.5, 6, 9, 6.5], "texture": "#0"}
			}
		},
		{
			"from": [8, 7, 7.5],
			"to": [9, 11, 8.5],
			"faces": {
				"north": {"uv": [2, 2, 2.5, 4], "texture": "#0"},
				"east": {"uv": [2.5, 0, 3, 2], "texture": "#0"},
				"south": {"uv": [2.5, 2, 3, 4], "texture": "#0"},
				"west": {"uv": [3, 0, 3.5, 2], "texture": "#0"},
				"up": {"uv": [9.5, 7, 9, 6.5], "texture": "#0"},
				"down": {"uv": [9.5, 7, 9, 7.5], "texture": "#0"}
			}
		},
		{
			"from": [7, 7, 7.5],
			"to": [8, 11, 8.5],
			"faces": {
				"north": {"uv": [3, 2, 3.5, 4], "texture": "#0"},
				"east": {"uv": [3.5, 0, 4, 2], "texture": "#0"},
				"south": {"uv": [3.5, 2, 4, 4], "texture": "#0"},
				"west": {"uv": [0, 4, 0.5, 6], "texture": "#0"},
				"up": {"uv": [9.5, 8, 9, 7.5], "texture": "#0"},
				"down": {"uv": [9.5, 8, 9, 8.5], "texture": "#0"}
			}
		},
		{
			"from": [6, 7, 7.5],
			"to": [7, 11, 8.5],
			"faces": {
				"north": {"uv": [4, 0, 4.5, 2], "texture": "#0"},
				"east": {"uv": [0.5, 4, 1, 6], "texture": "#0"},
				"south": {"uv": [1, 4, 1.5, 6], "texture": "#0"},
				"west": {"uv": [1.5, 4, 2, 6], "texture": "#0"},
				"up": {"uv": [9, 9.5, 8.5, 9], "texture": "#0"},
				"down": {"uv": [9.5, 8.5, 9, 9], "texture": "#0"}
			}
		},
		{
			"from": [5, 7, 7.5],
			"to": [6, 11, 8.5],
			"faces": {
				"north": {"uv": [2, 4, 2.5, 6], "texture": "#0"},
				"east": {"uv": [4, 2, 4.5, 4], "texture": "#0"},
				"south": {"uv": [2.5, 4, 3, 6], "texture": "#0"},
				"west": {"uv": [3, 4, 3.5, 6], "texture": "#0"},
				"up": {"uv": [9.5, 9.5, 9, 9], "texture": "#0"},
				"down": {"uv": [0.5, 9.5, 0, 10], "texture": "#0"}
			}
		},
		{
			"from": [9, 3, 7.5],
			"to": [10, 7, 8.5],
			"faces": {
				"north": {"uv": [3.5, 4, 4, 6], "texture": "#0"},
				"east": {"uv": [4, 4, 4.5, 6], "texture": "#0"},
				"south": {"uv": [4.5, 0, 5, 2], "texture": "#0"},
				"west": {"uv": [4.5, 2, 5, 4], "texture": "#0"},
				"up": {"uv": [10, 0.5, 9.5, 0], "texture": "#0"},
				"down": {"uv": [1, 9.5, 0.5, 10], "texture": "#0"}
			}
		},
		{
			"from": [8, 3, 7.5],
			"to": [9, 7, 8.5],
			"faces": {
				"north": {"uv": [4.5, 4, 5, 6], "texture": "#0"},
				"east": {"uv": [5, 0, 5.5, 2], "texture": "#0"},
				"south": {"uv": [5, 2, 5.5, 4], "texture": "#0"},
				"west": {"uv": [5, 4, 5.5, 6], "texture": "#0"},
				"up": {"uv": [10, 1, 9.5, 0.5], "texture": "#0"},
				"down": {"uv": [1.5, 9.5, 1, 10], "texture": "#0"}
			}
		},
		{
			"from": [7, 3, 7.5],
			"to": [8, 7, 8.5],
			"faces": {
				"north": {"uv": [5.5, 0, 6, 2], "texture": "#0"},
				"east": {"uv": [5.5, 2, 6, 4], "texture": "#0"},
				"south": {"uv": [5.5, 4, 6, 6], "texture": "#0"},
				"west": {"uv": [0, 6, 0.5, 8], "texture": "#0"},
				"up": {"uv": [10, 1.5, 9.5, 1], "texture": "#0"},
				"down": {"uv": [2, 9.5, 1.5, 10], "texture": "#0"}
			}
		},
		{
			"from": [6, 3, 7.5],
			"to": [7, 7, 8.5],
			"faces": {
				"north": {"uv": [6, 0, 6.5, 2], "texture": "#0"},
				"east": {"uv": [0.5, 6, 1, 8], "texture": "#0"},
				"south": {"uv": [1, 6, 1.5, 8], "texture": "#0"},
				"west": {"uv": [1.5, 6, 2, 8], "texture": "#0"},
				"up": {"uv": [10, 2, 9.5, 1.5], "texture": "#0"},
				"down": {"uv": [2.5, 9.5, 2, 10], "texture": "#0"}
			}
		},
		{
			"from": [10, 3, 7.5],
			"to": [11, 7, 8.5],
			"faces": {
				"north": {"uv": [2, 6, 2.5, 8], "texture": "#0"},
				"east": {"uv": [6, 2, 6.5, 4], "texture": "#0"},
				"south": {"uv": [2.5, 6, 3, 8], "texture": "#0"},
				"west": {"uv": [3, 6, 3.5, 8], "texture": "#0"},
				"up": {"uv": [10, 2.5, 9.5, 2], "texture": "#0"},
				"down": {"uv": [3, 9.5, 2.5, 10], "texture": "#0"}
			}
		},
		{
			"from": [11, 2, 7.5],
			"to": [12, 6, 8.5],
			"faces": {
				"north": {"uv": [3.5, 6, 4, 8], "texture": "#0"},
				"east": {"uv": [4, 6, 4.5, 8], "texture": "#0"},
				"south": {"uv": [6, 4, 6.5, 6], "texture": "#0"},
				"west": {"uv": [4.5, 6, 5, 8], "texture": "#0"},
				"up": {"uv": [10, 3, 9.5, 2.5], "texture": "#0"},
				"down": {"uv": [3.5, 9.5, 3, 10], "texture": "#0"}
			}
		},
		{
			"from": [5, 4, 7.5],
			"to": [6, 7, 8.5],
			"faces": {
				"north": {"uv": [7, 8, 7.5, 9.5], "texture": "#0"},
				"east": {"uv": [7.5, 8, 8, 9.5], "texture": "#0"},
				"south": {"uv": [8, 8, 8.5, 9.5], "texture": "#0"},
				"west": {"uv": [8.5, 0, 9, 1.5], "texture": "#0"},
				"up": {"uv": [10, 3.5, 9.5, 3], "texture": "#0"},
				"down": {"uv": [4, 9.5, 3.5, 10], "texture": "#0"}
			}
		},
		{
			"from": [12, 2, 7.5],
			"to": [13, 5, 8.5],
			"faces": {
				"north": {"uv": [8.5, 1.5, 9, 3], "texture": "#0"},
				"east": {"uv": [8.5, 3, 9, 4.5], "texture": "#0"},
				"south": {"uv": [8.5, 4.5, 9, 6], "texture": "#0"},
				"west": {"uv": [8.5, 6, 9, 7.5], "texture": "#0"},
				"up": {"uv": [10, 4, 9.5, 3.5], "texture": "#0"},
				"down": {"uv": [4.5, 9.5, 4, 10], "texture": "#0"}
			}
		},
		{
			"from": [8, 1, 7.5],
			"to": [12, 2, 8.5],
			"rotation": {"angle": 0, "axis": "z", "origin": [9, 1, 9]},
			"faces": {
				"north": {"uv": [5, 6, 7, 6.5], "texture": "#0"},
				"east": {"uv": [9.5, 4, 10, 4.5], "texture": "#0"},
				"south": {"uv": [6.5, 0, 8.5, 0.5], "texture": "#0"},
				"west": {"uv": [4.5, 9.5, 5, 10], "texture": "#0"},
				"up": {"uv": [8.5, 1, 6.5, 0.5], "texture": "#0"},
				"down": {"uv": [8.5, 1, 6.5, 1.5], "texture": "#0"}
			}
		},
		{
			"from": [7, 2, 7.5],
			"to": [11, 3, 8.5],
			"rotation": {"angle": 0, "axis": "y", "origin": [9, 1, 9]},
			"faces": {
				"north": {"uv": [6.5, 1.5, 8.5, 2], "texture": "#0"},
				"east": {"uv": [9.5, 4.5, 10, 5], "texture": "#0"},
				"south": {"uv": [6.5, 2, 8.5, 2.5], "texture": "#0"},
				"west": {"uv": [5, 9.5, 5.5, 10], "texture": "#0"},
				"up": {"uv": [8.5, 3, 6.5, 2.5], "texture": "#0"},
				"down": {"uv": [8.5, 3, 6.5, 3.5], "texture": "#0"}
			}
		}
	],
	"overrides": [
		{"predicate": {"custom_model_data": 1}, "model": "custom/Sock"}
	],
	"display": {
		"thirdperson_righthand": {
			"translation": [0, 2, 0.5],
			"scale": [0.5, 0.5, 0.5]
		},
		"thirdperson_lefthand": {
			"translation": [0, 2, 0.5],
			"scale": [0.5, 0.5, 0.5]
		},
		"firstperson_righthand": {
			"translation": [2, 1.75, -1]
		},
		"firstperson_lefthand": {
			"translation": [2, 1.75, -1]
		},
		"head": {
			"translation": [0, 14, 0]
		}
	},
	"groups": [
		{
			"name": "group",
			"origin": [9, 1, 9],
			"color": 0,
			"children": [0, 1, 2, 3, 4, 5, 6, 7, 8, 9, 10, 11, 12, 13, 14, 15, 16, 17, 18, 19, 20, 21, 22]
		}
	]
}