{
	"textures": {
		"rod": "item/customtex/stick_self",
		"center": "item/customtex/stick_center",
		"particle": "item/customtex/stick_self"
	},
	"elements": [
		{
			"from": [5.69344, 8.5412, 7],
			"to": [7.69344, 10.5412, 9],
			"rotation": {"angle": -45, "axis": "z", "origin": [6, 7, 65]},
			"faces": {
				"north": {"uv": [0, 0, 4, 4], "texture": "#center"},
				"east": {"uv": [0, 4, 4, 8], "texture": "#center"},
				"south": {"uv": [4, 0, 8, 4], "texture": "#center"},
				"west": {"uv": [4, 4, 8, 8], "texture": "#center"},
				"up": {"uv": [4, 12, 0, 8], "texture": "#center"},
				"down": {"uv": [12, 0, 8, 4], "texture": "#center"}
			}
		},
		{
			"from": [5.70809, 10.54955, 7],
			"to": [7.70809, 18.54955, 9],
			"rotation": {"angle": -45, "axis": "z", "origin": [6, 7, 65]},
			"faces": {
				"north": {"uv": [0, 0, 1, 7], "texture": "#rod"},
				"east": {"uv": [1, 0, 2, 7], "texture": "#rod"},
				"south": {"uv": [2, 0, 3, 7], "texture": "#rod"},
				"west": {"uv": [3, 0, 4, 7], "texture": "#rod"},
				"up": {"uv": [5, 1, 4, 0], "texture": "#rod"},
				"down": {"uv": [5, 1, 4, 2], "texture": "#rod"}
			}
		},
		{
			"from": [5.69344, 0.5412, 7],
			"to": [7.69344, 8.5412, 9],
			"rotation": {"angle": -45, "axis": "z", "origin": [6, 7, 65]},
			"faces": {
				"north": {"uv": [4, 2, 5, 10.5], "texture": "#rod"},
				"east": {"uv": [5, 0, 6, 8.5], "texture": "#rod"},
				"south": {"uv": [6, 0, 7, 8.5], "texture": "#rod"},
				"west": {"uv": [0, 7, 1, 15.5], "texture": "#rod"},
				"up": {"uv": [8, 1, 7, 0], "texture": "#rod"},
				"down": {"uv": [2, 7, 1, 8], "texture": "#rod"}
			}
		}
	],
	"display": {
		"thirdperson_righthand": {
			"rotation": [29, 0, 49],
			"translation": [0.25, 6, 5.25]
		},
		"firstperson_righthand": {
			"rotation": [0, 0, 39],
			"translation": [0, 3.5, 0.75]
		},
		"firstperson_lefthand": {
			"rotation": [0, 0, -39],
			"translation": [3.5, 5.25, 0]
		},
		"head": {
			"translation": [0, 11.5, 0]
		}
	},
	"groups": [
		{
			"name": "group",
			"origin": [8, 8, 8],
			"color": 0,
			"children": [0, 1, 2]
		}
	]
}