{
	"__comment": "designed by Naoxia with BDcraft Cubik PRO 0.96 Beta - http://bdcraft.net",
	"textures": {
		"no0432": "item/customtex/fire_1",
		"stone_slab_top": "item/customtex/lantern01",
		"stone_slab_side": "item/customtex/lantern01",
		"stone": "item/customtex/lantern03",
		"stone_andesite_smooth": "item/customtex/lantern03",
		"hardened_clay_stained_red": "item/customtex/lantern09",
		"planks_birch": "item/customtex/lantern01"
	},
	"elements": [ 	 
		{
			"__comment": "Element",
			"from": [ 6.5, 3.5625, 6.375 ],
			"to": [ 9.5, 6.8125, 9.375 ],
			"faces": {
				"north": { "uv": [ 1.5, 2.5, 14.5, 13.5 ], "texture": "#no0432" },
				"south": { "uv": [ 1.5, 2.5, 14.5, 13.5 ], "texture": "#no0432" },
				"west": { "uv": [ 1.5, 2.5, 14.5, 13.5 ], "texture": "#no0432" },
				"east": { "uv": [ 1.5, 2.5, 14.5, 13.5 ], "texture": "#no0432" }
			}
		},
		{
			"__comment": "Box5",
			"from": [ 4.5, 2.625, 4.375 ],
			"to": [ 11.5, 3.125, 11.375 ],
			"faces": {
				"down": { "uv": [ 0, 0, 16, 16 ], "texture": "#stone_slab_top", "rotation": 270 },
				"up": { "uv": [ 0, 0, 16, 16 ], "texture": "#stone_slab_top", "rotation": 90 },
				"north": { "uv": [ 0, 0, 16, 7.5 ], "texture": "#stone_slab_side" },
				"south": { "uv": [ 0, 0, 16, 7.5 ], "texture": "#stone_slab_side" },
				"west": { "uv": [ 0, 0, 16, 7.5 ], "texture": "#stone_slab_side" },
				"east": { "uv": [ 0, 0, 16, 7.5 ], "texture": "#stone_slab_side" }
			}
		},
		{
			"__comment": "Box5",
			"from": [ 5, 2.125, 4.875 ],
			"to": [ 11, 2.625, 10.875 ],
			"faces": {
				"down": { "uv": [ 0, 0, 16, 16 ], "texture": "#stone_slab_top", "rotation": 270 },
				"up": { "uv": [ 0, 0, 16, 16 ], "texture": "#stone_slab_top", "rotation": 90 },
				"north": { "uv": [ 0, 0, 16, 7.5 ], "texture": "#stone_slab_side" },
				"south": { "uv": [ 0, 0, 16, 7.5 ], "texture": "#stone_slab_side" },
				"west": { "uv": [ 0, 0, 16, 7.5 ], "texture": "#stone_slab_side" },
				"east": { "uv": [ 0, 0, 16, 7.5 ], "texture": "#stone_slab_side" }
			}
		},
		{
			"__comment": "Box5",
			"from": [ 5, 3.125, 4.875 ],
			"to": [ 11, 3.625, 10.875 ],
			"faces": {
				"down": { "uv": [ 0, 0, 16, 16 ], "texture": "#stone_slab_top", "rotation": 270 },
				"up": { "uv": [ 0, 0, 16, 16 ], "texture": "#stone_slab_top", "rotation": 90 },
				"north": { "uv": [ 0, 0, 16, 7.5 ], "texture": "#stone_slab_side" },
				"south": { "uv": [ 0, 0, 16, 7.5 ], "texture": "#stone_slab_side" },
				"west": { "uv": [ 0, 0, 16, 7.5 ], "texture": "#stone_slab_side" },
				"east": { "uv": [ 0, 0, 16, 7.5 ], "texture": "#stone_slab_side" }
			}
		},
		{
			"__comment": "Box5",
			"from": [ 5, 6.875, 4.875 ],
			"to": [ 11, 7.375, 10.875 ],
			"faces": {
				"down": { "uv": [ 0, 0, 16, 16 ], "texture": "#stone_slab_top", "rotation": 270 },
				"up": { "uv": [ 0, 0, 16, 16 ], "texture": "#stone_slab_top", "rotation": 90 },
				"north": { "uv": [ 0, 0, 16, 7.5 ], "texture": "#stone_slab_side" },
				"south": { "uv": [ 0, 0, 16, 7.5 ], "texture": "#stone_slab_side" },
				"west": { "uv": [ 0, 0, 16, 7.5 ], "texture": "#stone_slab_side" },
				"east": { "uv": [ 0, 0, 16, 7.5 ], "texture": "#stone_slab_side" }
			}
		},
		{
			"__comment": "Box5",
			"from": [ 5.25, 7.375, 5.125 ],
			"to": [ 10.75, 7.625, 10.625 ],
			"faces": {
				"down": { "uv": [ 2.499998, 2.500001, 13.5, 13.5 ], "texture": "#stone" },
				"up": { "uv": [ 2.499998, 2.499999, 13.5, 13.5 ], "texture": "#stone" },
				"north": { "uv": [ 2.500002, 15.5, 13.5, 16 ], "texture": "#stone" },
				"south": { "uv": [ 2.499998, 15.5, 13.5, 16 ], "texture": "#stone" },
				"west": { "uv": [ 2.499999, 15.5, 13.5, 16 ], "texture": "#stone" },
				"east": { "uv": [ 2.500001, 15.5, 13.5, 16 ], "texture": "#stone" }
			}
		},
		{
			"__comment": "Box5",
			"from": [ 5.5, 7.625, 5.375 ],
			"to": [ 10.5, 7.875, 10.375 ],
			"faces": {
				"down": { "uv": [ 2.999998, 3.000001, 13, 13 ], "texture": "#stone" },
				"up": { "uv": [ 2.999998, 2.999999, 13, 13 ], "texture": "#stone" },
				"north": { "uv": [ 3.000002, 15, 13, 15.5 ], "texture": "#stone" },
				"south": { "uv": [ 2.999998, 15, 13, 15.5 ], "texture": "#stone" },
				"west": { "uv": [ 2.999999, 15, 13, 15.5 ], "texture": "#stone" },
				"east": { "uv": [ 3.000001, 15, 13, 15.5 ], "texture": "#stone" }
			}
		},
		{
			"__comment": "Box5",
			"from": [ 5.75, 7.875, 5.625 ],
			"to": [ 10.25, 8.125, 10.125 ],
			"faces": {
				"down": { "uv": [ 3.499998, 3.500001, 12.5, 12.5 ], "texture": "#stone" },
				"up": { "uv": [ 3.499998, 3.499999, 12.5, 12.5 ], "texture": "#stone" },
				"north": { "uv": [ 3.500002, 14.5, 12.5, 15 ], "texture": "#stone" },
				"south": { "uv": [ 3.499998, 14.5, 12.5, 15 ], "texture": "#stone" },
				"west": { "uv": [ 3.499999, 14.5, 12.5, 15 ], "texture": "#stone" },
				"east": { "uv": [ 3.500001, 14.5, 12.5, 15 ], "texture": "#stone" }
			}
		},
		{
			"__comment": "Box5",
			"from": [ 7.5, 8.125, 7.375 ],
			"to": [ 8.5, 8.875, 8.375 ],
			"faces": {
				"down": { "uv": [ 6.999999, 7.000001, 8.999999, 9.000001 ], "texture": "#stone" },
				"up": { "uv": [ 6.999999, 6.999999, 8.999999, 8.999999 ], "texture": "#stone" },
				"north": { "uv": [ 7.000001, 13, 9.000001, 14.5 ], "texture": "#stone" },
				"south": { "uv": [ 6.999999, 13, 8.999999, 14.5 ], "texture": "#stone" },
				"west": { "uv": [ 6.999999, 13, 8.999999, 14.5 ], "texture": "#stone" },
				"east": { "uv": [ 7.000001, 13, 9.000001, 14.5 ], "texture": "#stone" }
			}
		},
		{
			"__comment": "Box5",
			"from": [ 7.5, 9.875, 7.375 ],
			"to": [ 8.5, 10.625, 8.375 ],
			"faces": {
				"down": { "uv": [ 6.999999, 7.000001, 8.999999, 9.000001 ], "texture": "#stone" },
				"up": { "uv": [ 6.999999, 6.999999, 8.999999, 8.999999 ], "texture": "#stone" },
				"north": { "uv": [ 7.000001, 9.5, 9.000001, 11 ], "texture": "#stone" },
				"south": { "uv": [ 6.999999, 9.5, 8.999999, 11 ], "texture": "#stone" },
				"west": { "uv": [ 6.999999, 9.5, 8.999999, 11 ], "texture": "#stone" },
				"east": { "uv": [ 7.000001, 9.5, 9.000001, 11 ], "texture": "#stone" }
			}
		},
		{
			"__comment": "Box5",
			"from": [ 8.6875, 9.375, 7.625 ],
			"to": [ 9.1875, 10.375, 8.125 ],
			"rotation": { "origin": [ 9.1875, 9.375, 7.625 ], "axis": "z", "angle": 45 },
			"faces": {
				"down": { "uv": [ 9.667892, 7.5, 10.66789, 8.5 ], "texture": "#stone" },
				"up": { "uv": [ 9.667892, 7.5, 10.66789, 8.5 ], "texture": "#stone" },
				"north": { "uv": [ 5.332108, 10.70711, 6.332108, 12.70711 ], "texture": "#stone" },
				"south": { "uv": [ 9.667892, 10.70711, 10.66789, 12.70711 ], "texture": "#stone" },
				"west": { "uv": [ 7.5, 10.70711, 8.5, 12.70711 ], "texture": "#stone" },
				"east": { "uv": [ 7.5, 10.70711, 8.5, 12.70711 ], "texture": "#stone" }
			}
		},
		{
			"__comment": "Box5",
			"from": [ 6.625, 9.0625, 7.625 ],
			"to": [ 7.125, 10.0625, 8.125 ],
			"rotation": { "origin": [ 7.125, 9.0625, 7.625 ], "axis": "z", "angle": -45 },
			"faces": {
				"down": { "uv": [ 5.542892, 7.5, 6.542892, 8.5 ], "texture": "#stone" },
				"up": { "uv": [ 5.542892, 7.5, 6.542892, 8.5 ], "texture": "#stone" },
				"north": { "uv": [ 9.457108, 9.917892, 10.45711, 11.91789 ], "texture": "#stone" },
				"south": { "uv": [ 5.542892, 9.917892, 6.542892, 11.91789 ], "texture": "#stone" },
				"west": { "uv": [ 7.5, 9.917892, 8.5, 11.91789 ], "texture": "#stone" },
				"east": { "uv": [ 7.5, 9.917892, 8.5, 11.91789 ], "texture": "#stone" }
			}
		},
		{
			"__comment": "Box5",
			"from": [ 7.75, 9.375, 6.6875 ],
			"to": [ 8.25, 10.375, 7.1875 ],
			"rotation": { "origin": [ 7.75, 9.375, 6.6875 ], "axis": "x", "angle": 45 },
			"faces": {
				"down": { "uv": [ 7.499999, 9.375001, 8.499999, 10.375 ], "texture": "#stone" },
				"up": { "uv": [ 7.499999, 5.624999, 8.499999, 6.624999 ], "texture": "#stone" },
				"north": { "uv": [ 7.500001, 10, 8.500001, 12 ], "texture": "#stone" },
				"south": { "uv": [ 7.499999, 10, 8.499999, 12 ], "texture": "#stone" },
				"west": { "uv": [ 5.624999, 10, 6.624999, 12 ], "texture": "#stone" },
				"east": { "uv": [ 9.375001, 10, 10.375, 12 ], "texture": "#stone" }
			}
		},
		{
			"__comment": "Box5",
			"from": [ 7.75, 9, 8.75 ],
			"to": [ 8.25, 10, 9.25 ],
			"rotation": { "origin": [ 8.25, 9, 8.75 ], "axis": "x", "angle": -45 },
			"faces": {
				"down": { "uv": [ 7.499999, 5.25, 8.499999, 6.25 ], "texture": "#stone" },
				"up": { "uv": [ 7.499999, 9.75, 8.499999, 10.75 ], "texture": "#stone" },
				"north": { "uv": [ 7.500001, 10.75, 8.500001, 12.75 ], "texture": "#stone" },
				"south": { "uv": [ 7.499999, 10.75, 8.499999, 12.75 ], "texture": "#stone" },
				"west": { "uv": [ 9.75, 10.75, 10.75, 12.75 ], "texture": "#stone" },
				"east": { "uv": [ 5.25, 10.75, 6.25, 12.75 ], "texture": "#stone" }
			}
		},
		{
			"__comment": "Box5",
			"from": [ 7.75, 8.625, 7.4375 ],
			"to": [ 8.25, 9.625, 7.9375 ],
			"rotation": { "origin": [ 8.25, 8.625, 7.4375 ], "axis": "x", "angle": -45 },
			"faces": {
				"down": { "uv": [ 7.499999, 7.875, 8.499999, 8.875 ], "texture": "#stone" },
				"up": { "uv": [ 7.499999, 7.125, 8.499999, 8.125 ], "texture": "#stone" },
				"north": { "uv": [ 7.500001, 11.5, 8.500001, 13.5 ], "texture": "#stone" },
				"south": { "uv": [ 7.499999, 11.5, 8.499999, 13.5 ], "texture": "#stone" },
				"west": { "uv": [ 7.125, 11.5, 8.125, 13.5 ], "texture": "#stone" },
				"east": { "uv": [ 7.875, 11.5, 8.875, 13.5 ], "texture": "#stone" }
			}
		},
		{
			"__comment": "Box5",
			"from": [ 7.9375, 8.625, 7.625 ],
			"to": [ 8.4375, 9.625, 8.125 ],
			"rotation": { "origin": [ 8.4375, 8.625, 7.625 ], "axis": "z", "angle": -45 },
			"faces": {
				"down": { "uv": [ 8.167892, 7.5, 9.167892, 8.5 ], "texture": "#stone" },
				"up": { "uv": [ 8.167892, 7.5, 9.167892, 8.5 ], "texture": "#stone" },
				"north": { "uv": [ 6.832108, 10.79289, 7.832108, 12.79289 ], "texture": "#stone" },
				"south": { "uv": [ 8.167892, 10.79289, 9.167892, 12.79289 ], "texture": "#stone" },
				"west": { "uv": [ 7.5, 10.79289, 8.5, 12.79289 ], "texture": "#stone" },
				"east": { "uv": [ 7.5, 10.79289, 8.5, 12.79289 ], "texture": "#stone" }
			}
		},
		{
			"__comment": "Box5",
			"from": [ 7.75, 9, 8 ],
			"to": [ 8.25, 10, 8.5 ],
			"rotation": { "origin": [ 8.25, 9, 8 ], "axis": "x", "angle": 45 },
			"faces": {
				"down": { "uv": [ 7.499999, 6.75, 8.499999, 7.75 ], "texture": "#stone" },
				"up": { "uv": [ 7.499999, 8.25, 8.499999, 9.25 ], "texture": "#stone" },
				"north": { "uv": [ 7.500001, 10.75, 8.500001, 12.75 ], "texture": "#stone" },
				"south": { "uv": [ 7.499999, 10.75, 8.499999, 12.75 ], "texture": "#stone" },
				"west": { "uv": [ 8.25, 10.75, 9.25, 12.75 ], "texture": "#stone" },
				"east": { "uv": [ 6.75, 10.75, 7.75, 12.75 ], "texture": "#stone" }
			}
		},
		{
			"__comment": "Box5",
			"from": [ 7.375, 9.0625, 7.625 ],
			"to": [ 7.875, 10.0625, 8.125 ],
			"rotation": { "origin": [ 7.875, 9.0625, 7.625 ], "axis": "z", "angle": 45 },
			"faces": {
				"down": { "uv": [ 7.042892, 7.5, 8.042892, 8.5 ], "texture": "#stone" },
				"up": { "uv": [ 7.042892, 7.5, 8.042892, 8.5 ], "texture": "#stone" },
				"north": { "uv": [ 7.957108, 11.33211, 8.957108, 13.33211 ], "texture": "#stone" },
				"south": { "uv": [ 7.042892, 11.33211, 8.042892, 13.33211 ], "texture": "#stone" },
				"west": { "uv": [ 7.5, 11.33211, 8.5, 13.33211 ], "texture": "#stone" },
				"east": { "uv": [ 7.5, 11.33211, 8.5, 13.33211 ], "texture": "#stone" }
			}
		},
		{
			"__comment": "Box5",
			"from": [ 10.25, 3.625, 5.125 ],
			"to": [ 10.75, 6.875, 5.625 ],
			"faces": {
				"down": { "uv": [ 0, 0, 16, 16 ], "texture": "#stone", "rotation": 270 },
				"up": { "uv": [ 0, 0, 16, 16 ], "texture": "#stone", "rotation": 90 },
				"north": { "uv": [ 0, 0, 16, 7.5 ], "texture": "#stone" },
				"south": { "uv": [ 0, 0, 16, 7.5 ], "texture": "#stone" },
				"west": { "uv": [ 0, 0, 16, 7.5 ], "texture": "#stone" },
				"east": { "uv": [ 0, 0, 16, 7.5 ], "texture": "#stone" }
			}
		},
		{
			"__comment": "Box5",
			"from": [ 10.25, 3.625, 10.125 ],
			"to": [ 10.75, 6.875, 10.625 ],
			"faces": {
				"down": { "uv": [ 0, 0, 16, 16 ], "texture": "#stone", "rotation": 270 },
				"up": { "uv": [ 0, 0, 16, 16 ], "texture": "#stone", "rotation": 90 },
				"north": { "uv": [ 0, 0, 16, 7.5 ], "texture": "#stone" },
				"south": { "uv": [ 0, 0, 16, 7.5 ], "texture": "#stone" },
				"west": { "uv": [ 0, 0, 16, 7.5 ], "texture": "#stone" },
				"east": { "uv": [ 0, 0, 16, 7.5 ], "texture": "#stone" }
			}
		},
		{
			"__comment": "Box5",
			"from": [ 5.25, 3.625, 10.125 ],
			"to": [ 5.75, 6.875, 10.625 ],
			"faces": {
				"down": { "uv": [ 0, 0, 16, 16 ], "texture": "#stone", "rotation": 270 },
				"up": { "uv": [ 0, 0, 16, 16 ], "texture": "#stone", "rotation": 90 },
				"north": { "uv": [ 0, 0, 16, 7.5 ], "texture": "#stone" },
				"south": { "uv": [ 0, 0, 16, 7.5 ], "texture": "#stone" },
				"west": { "uv": [ 0, 0, 16, 7.5 ], "texture": "#stone" },
				"east": { "uv": [ 0, 0, 16, 7.5 ], "texture": "#stone" }
			}
		},
		{
			"__comment": "Box5",
			"from": [ 5.25, 3.625, 5.125 ],
			"to": [ 5.75, 6.875, 5.625 ],
			"faces": {
				"down": { "uv": [ 0, 0, 16, 16 ], "texture": "#stone", "rotation": 270 },
				"up": { "uv": [ 0, 0, 16, 16 ], "texture": "#stone", "rotation": 90 },
				"north": { "uv": [ 0, 0, 16, 7.5 ], "texture": "#stone" },
				"south": { "uv": [ 0, 0, 16, 7.5 ], "texture": "#stone" },
				"west": { "uv": [ 0, 0, 16, 7.5 ], "texture": "#stone" },
				"east": { "uv": [ 0, 0, 16, 7.5 ], "texture": "#stone" }
			}
		},
		{
			"__comment": "Box5",
			"from": [ 5.75, 3.625, 10.125 ],
			"to": [ 6.25, 5.125, 10.375 ],
			"faces": {
				"down": { "uv": [ 3.499998, 3, 4.499998, 3.5 ], "texture": "#stone_andesite_smooth" },
				"up": { "uv": [ 3.499998, 12.5, 4.499998, 13 ], "texture": "#stone_andesite_smooth" },
				"north": { "uv": [ 11.5, 4.5, 12.5, 7.5 ], "texture": "#stone_andesite_smooth" },
				"south": { "uv": [ 3.499998, 4.5, 4.499998, 7.5 ], "texture": "#stone_andesite_smooth" },
				"west": { "uv": [ 12.5, 4.5, 13, 7.5 ], "texture": "#stone_andesite_smooth" },
				"east": { "uv": [ 3, 4.5, 3.5, 7.5 ], "texture": "#stone_andesite_smooth" }
			}
		},
		{
			"__comment": "Box5",
			"from": [ 6.25, 3.625, 10.125 ],
			"to": [ 6.75, 4.625, 10.375 ],
			"faces": {
				"down": { "uv": [ 4.499998, 3, 5.499998, 3.5 ], "texture": "#stone_andesite_smooth" },
				"up": { "uv": [ 4.499998, 12.5, 5.499998, 13 ], "texture": "#stone_andesite_smooth" },
				"north": { "uv": [ 10.5, 5.5, 11.5, 7.5 ], "texture": "#stone_andesite_smooth" },
				"south": { "uv": [ 4.499998, 5.5, 5.499998, 7.5 ], "texture": "#stone_andesite_smooth" },
				"west": { "uv": [ 12.5, 5.5, 13, 7.5 ], "texture": "#stone_andesite_smooth" },
				"east": { "uv": [ 3, 5.5, 3.5, 7.5 ], "texture": "#stone_andesite_smooth" }
			}
		},
		{
			"__comment": "Box5",
			"from": [ 6.75, 3.625, 10.125 ],
			"to": [ 7.25, 4.375, 10.375 ],
			"faces": {
				"down": { "uv": [ 5.499998, 3, 6.499998, 3.5 ], "texture": "#stone_andesite_smooth" },
				"up": { "uv": [ 5.499998, 12.5, 6.499998, 13 ], "texture": "#stone_andesite_smooth" },
				"north": { "uv": [ 9.500002, 6, 10.5, 7.5 ], "texture": "#stone_andesite_smooth" },
				"south": { "uv": [ 5.499998, 6, 6.499998, 7.5 ], "texture": "#stone_andesite_smooth" },
				"west": { "uv": [ 12.5, 6, 13, 7.5 ], "texture": "#stone_andesite_smooth" },
				"east": { "uv": [ 3, 6, 3.5, 7.5 ], "texture": "#stone_andesite_smooth" }
			}
		},
		{
			"__comment": "Box5",
			"from": [ 7.25, 3.625, 10.125 ],
			"to": [ 7.75, 4.125, 10.375 ],
			"faces": {
				"down": { "uv": [ 6.499998, 3, 7.499998, 3.5 ], "texture": "#stone_andesite_smooth" },
				"up": { "uv": [ 6.499998, 12.5, 7.499998, 13 ], "texture": "#stone_andesite_smooth" },
				"north": { "uv": [ 8.500002, 6.5, 9.500002, 7.5 ], "texture": "#stone_andesite_smooth" },
				"south": { "uv": [ 6.499998, 6.5, 7.499998, 7.5 ], "texture": "#stone_andesite_smooth" },
				"west": { "uv": [ 12.5, 6.5, 13, 7.5 ], "texture": "#stone_andesite_smooth" },
				"east": { "uv": [ 3, 6.5, 3.5, 7.5 ], "texture": "#stone_andesite_smooth" }
			}
		},
		{
			"__comment": "Box5",
			"from": [ 7.75, 3.625, 10.125 ],
			"to": [ 8.25, 3.875, 10.375 ],
			"faces": {
				"down": { "uv": [ 7.499998, 3, 8.499998, 3.5 ], "texture": "#stone_andesite_smooth" },
				"up": { "uv": [ 7.499998, 12.5, 8.499998, 13 ], "texture": "#stone_andesite_smooth" },
				"north": { "uv": [ 7.500002, 7, 8.500002, 7.5 ], "texture": "#stone_andesite_smooth" },
				"south": { "uv": [ 7.499998, 7, 8.499998, 7.5 ], "texture": "#stone_andesite_smooth" },
				"west": { "uv": [ 12.5, 7, 13, 7.5 ], "texture": "#stone_andesite_smooth" },
				"east": { "uv": [ 3, 7, 3.5, 7.5 ], "texture": "#stone_andesite_smooth" }
			}
		},
		{
			"__comment": "Box5",
			"from": [ 5.75, 5.375, 10.125 ],
			"to": [ 6.25, 6.875, 10.375 ],
			"faces": {
				"down": { "uv": [ 3.499998, 3, 4.499998, 3.5 ], "texture": "#stone_andesite_smooth" },
				"up": { "uv": [ 3.499998, 12.5, 4.499998, 13 ], "texture": "#stone_andesite_smooth" },
				"north": { "uv": [ 11.5, 1, 12.5, 4 ], "texture": "#stone_andesite_smooth" },
				"south": { "uv": [ 3.499998, 1, 4.499998, 4 ], "texture": "#stone_andesite_smooth" },
				"west": { "uv": [ 12.5, 1, 13, 4 ], "texture": "#stone_andesite_smooth" },
				"east": { "uv": [ 3, 1, 3.5, 4 ], "texture": "#stone_andesite_smooth" }
			}
		},
		{
			"__comment": "Box5",
			"from": [ 6.25, 5.875, 10.125 ],
			"to": [ 6.75, 6.875, 10.375 ],
			"faces": {
				"down": { "uv": [ 4.499998, 3, 5.499998, 3.5 ], "texture": "#stone_andesite_smooth" },
				"up": { "uv": [ 4.499998, 12.5, 5.499998, 13 ], "texture": "#stone_andesite_smooth" },
				"north": { "uv": [ 10.5, 1, 11.5, 3 ], "texture": "#stone_andesite_smooth" },
				"south": { "uv": [ 4.499998, 1, 5.499998, 3 ], "texture": "#stone_andesite_smooth" },
				"west": { "uv": [ 12.5, 1, 13, 3 ], "texture": "#stone_andesite_smooth" },
				"east": { "uv": [ 3, 1, 3.5, 3 ], "texture": "#stone_andesite_smooth" }
			}
		},
		{
			"__comment": "Box5",
			"from": [ 6.75, 6.125, 10.125 ],
			"to": [ 7.25, 6.875, 10.375 ],
			"faces": {
				"down": { "uv": [ 5.499998, 3, 6.499998, 3.5 ], "texture": "#stone_andesite_smooth" },
				"up": { "uv": [ 5.499998, 12.5, 6.499998, 13 ], "texture": "#stone_andesite_smooth" },
				"north": { "uv": [ 9.500002, 1, 10.5, 2.5 ], "texture": "#stone_andesite_smooth" },
				"south": { "uv": [ 5.499998, 1, 6.499998, 2.5 ], "texture": "#stone_andesite_smooth" },
				"west": { "uv": [ 12.5, 1, 13, 2.5 ], "texture": "#stone_andesite_smooth" },
				"east": { "uv": [ 3, 1, 3.5, 2.5 ], "texture": "#stone_andesite_smooth" }
			}
		},
		{
			"__comment": "Box5",
			"from": [ 7.25, 6.375, 10.125 ],
			"to": [ 7.75, 6.875, 10.375 ],
			"faces": {
				"down": { "uv": [ 6.499998, 3, 7.499998, 3.5 ], "texture": "#stone_andesite_smooth" },
				"up": { "uv": [ 6.499998, 12.5, 7.499998, 13 ], "texture": "#stone_andesite_smooth" },
				"north": { "uv": [ 8.500002, 1, 9.500002, 2 ], "texture": "#stone_andesite_smooth" },
				"south": { "uv": [ 6.499998, 1, 7.499998, 2 ], "texture": "#stone_andesite_smooth" },
				"west": { "uv": [ 12.5, 1, 13, 2 ], "texture": "#stone_andesite_smooth" },
				"east": { "uv": [ 3, 1, 3.5, 2 ], "texture": "#stone_andesite_smooth" }
			}
		},
		{
			"__comment": "Box5",
			"from": [ 7.75, 6.625, 10.125 ],
			"to": [ 8.25, 6.875, 10.375 ],
			"faces": {
				"down": { "uv": [ 7.499998, 3, 8.499998, 3.5 ], "texture": "#stone_andesite_smooth" },
				"up": { "uv": [ 7.499998, 12.5, 8.499998, 13 ], "texture": "#stone_andesite_smooth" },
				"north": { "uv": [ 7.500002, 1, 8.500002, 1.5 ], "texture": "#stone_andesite_smooth" },
				"south": { "uv": [ 7.499998, 1, 8.499998, 1.5 ], "texture": "#stone_andesite_smooth" },
				"west": { "uv": [ 12.5, 1, 13, 1.5 ], "texture": "#stone_andesite_smooth" },
				"east": { "uv": [ 3, 1, 3.5, 1.5 ], "texture": "#stone_andesite_smooth" }
			}
		},
		{
			"__comment": "Box5",
			"from": [ 8.25, 6.375, 10.125 ],
			"to": [ 8.75, 6.875, 10.375 ],
			"faces": {
				"down": { "uv": [ 8.499998, 3, 9.499998, 3.5 ], "texture": "#stone_andesite_smooth" },
				"up": { "uv": [ 8.499998, 12.5, 9.499998, 13 ], "texture": "#stone_andesite_smooth" },
				"north": { "uv": [ 6.500002, 1, 7.500002, 2 ], "texture": "#stone_andesite_smooth" },
				"south": { "uv": [ 8.499998, 1, 9.499998, 2 ], "texture": "#stone_andesite_smooth" },
				"west": { "uv": [ 12.5, 1, 13, 2 ], "texture": "#stone_andesite_smooth" },
				"east": { "uv": [ 3, 1, 3.5, 2 ], "texture": "#stone_andesite_smooth" }
			}
		},
		{
			"__comment": "Box5",
			"from": [ 8.75, 6.125, 10.125 ],
			"to": [ 9.25, 6.875, 10.375 ],
			"faces": {
				"down": { "uv": [ 9.499998, 3, 10.5, 3.5 ], "texture": "#stone_andesite_smooth" },
				"up": { "uv": [ 9.499998, 12.5, 10.5, 13 ], "texture": "#stone_andesite_smooth" },
				"north": { "uv": [ 5.500002, 1, 6.500002, 2.5 ], "texture": "#stone_andesite_smooth" },
				"south": { "uv": [ 9.499998, 1, 10.5, 2.5 ], "texture": "#stone_andesite_smooth" },
				"west": { "uv": [ 12.5, 1, 13, 2.5 ], "texture": "#stone_andesite_smooth" },
				"east": { "uv": [ 3, 1, 3.5, 2.5 ], "texture": "#stone_andesite_smooth" }
			}
		},
		{
			"__comment": "Box5",
			"from": [ 9.25, 5.875, 10.125 ],
			"to": [ 9.75, 6.875, 10.375 ],
			"faces": {
				"down": { "uv": [ 10.5, 3, 11.5, 3.5 ], "texture": "#stone_andesite_smooth" },
				"up": { "uv": [ 10.5, 12.5, 11.5, 13 ], "texture": "#stone_andesite_smooth" },
				"north": { "uv": [ 4.500002, 1, 5.500002, 3 ], "texture": "#stone_andesite_smooth" },
				"south": { "uv": [ 10.5, 1, 11.5, 3 ], "texture": "#stone_andesite_smooth" },
				"west": { "uv": [ 12.5, 1, 13, 3 ], "texture": "#stone_andesite_smooth" },
				"east": { "uv": [ 3, 1, 3.5, 3 ], "texture": "#stone_andesite_smooth" }
			}
		},
		{
			"__comment": "Box5",
			"from": [ 9.75, 5.375, 10.125 ],
			"to": [ 10.25, 6.875, 10.375 ],
			"faces": {
				"down": { "uv": [ 11.5, 3, 12.5, 3.5 ], "texture": "#stone_andesite_smooth" },
				"up": { "uv": [ 11.5, 12.5, 12.5, 13 ], "texture": "#stone_andesite_smooth" },
				"north": { "uv": [ 3.500002, 1, 4.500002, 4 ], "texture": "#stone_andesite_smooth" },
				"south": { "uv": [ 11.5, 1, 12.5, 4 ], "texture": "#stone_andesite_smooth" },
				"west": { "uv": [ 12.5, 1, 13, 4 ], "texture": "#stone_andesite_smooth" },
				"east": { "uv": [ 3, 1, 3.5, 4 ], "texture": "#stone_andesite_smooth" }
			}
		},
		{
			"__comment": "Box5",
			"from": [ 9.75, 3.625, 10.125 ],
			"to": [ 10.25, 5.125, 10.375 ],
			"faces": {
				"down": { "uv": [ 11.5, 3, 12.5, 3.5 ], "texture": "#stone_andesite_smooth" },
				"up": { "uv": [ 11.5, 12.5, 12.5, 13 ], "texture": "#stone_andesite_smooth" },
				"north": { "uv": [ 3.500002, 4.5, 4.500002, 7.5 ], "texture": "#stone_andesite_smooth" },
				"south": { "uv": [ 11.5, 4.5, 12.5, 7.5 ], "texture": "#stone_andesite_smooth" },
				"west": { "uv": [ 12.5, 4.5, 13, 7.5 ], "texture": "#stone_andesite_smooth" },
				"east": { "uv": [ 3, 4.5, 3.5, 7.5 ], "texture": "#stone_andesite_smooth" }
			}
		},
		{
			"__comment": "Box5",
			"from": [ 9.25, 3.625, 10.125 ],
			"to": [ 9.75, 4.625, 10.375 ],
			"faces": {
				"down": { "uv": [ 10.5, 3, 11.5, 3.5 ], "texture": "#stone_andesite_smooth" },
				"up": { "uv": [ 10.5, 12.5, 11.5, 13 ], "texture": "#stone_andesite_smooth" },
				"north": { "uv": [ 4.500002, 5.5, 5.500002, 7.5 ], "texture": "#stone_andesite_smooth" },
				"south": { "uv": [ 10.5, 5.5, 11.5, 7.5 ], "texture": "#stone_andesite_smooth" },
				"west": { "uv": [ 12.5, 5.5, 13, 7.5 ], "texture": "#stone_andesite_smooth" },
				"east": { "uv": [ 3, 5.5, 3.5, 7.5 ], "texture": "#stone_andesite_smooth" }
			}
		},
		{
			"__comment": "Box5",
			"from": [ 8.75, 3.625, 10.125 ],
			"to": [ 9.25, 4.375, 10.375 ],
			"faces": {
				"down": { "uv": [ 9.499998, 3, 10.5, 3.5 ], "texture": "#stone_andesite_smooth" },
				"up": { "uv": [ 9.499998, 12.5, 10.5, 13 ], "texture": "#stone_andesite_smooth" },
				"north": { "uv": [ 5.500002, 6, 6.500002, 7.5 ], "texture": "#stone_andesite_smooth" },
				"south": { "uv": [ 9.499998, 6, 10.5, 7.5 ], "texture": "#stone_andesite_smooth" },
				"west": { "uv": [ 12.5, 6, 13, 7.5 ], "texture": "#stone_andesite_smooth" },
				"east": { "uv": [ 3, 6, 3.5, 7.5 ], "texture": "#stone_andesite_smooth" }
			}
		},
		{
			"__comment": "Box5",
			"from": [ 8.25, 3.625, 10.125 ],
			"to": [ 8.75, 4.125, 10.375 ],
			"faces": {
				"down": { "uv": [ 8.499998, 3, 9.499998, 3.5 ], "texture": "#stone_andesite_smooth" },
				"up": { "uv": [ 8.499998, 12.5, 9.499998, 13 ], "texture": "#stone_andesite_smooth" },
				"north": { "uv": [ 6.500002, 6.5, 7.500002, 7.5 ], "texture": "#stone_andesite_smooth" },
				"south": { "uv": [ 8.499998, 6.5, 9.499998, 7.5 ], "texture": "#stone_andesite_smooth" },
				"west": { "uv": [ 12.5, 6.5, 13, 7.5 ], "texture": "#stone_andesite_smooth" },
				"east": { "uv": [ 3, 6.5, 3.5, 7.5 ], "texture": "#stone_andesite_smooth" }
			}
		},
		{
			"__comment": "Box5",
			"from": [ 5.75, 3.625, 5.375 ],
			"to": [ 6.25, 5.125, 5.625 ],
			"faces": {
				"down": { "uv": [ 3.499998, 3, 4.499998, 3.5 ], "texture": "#stone_andesite_smooth" },
				"up": { "uv": [ 3.499998, 12.5, 4.499998, 13 ], "texture": "#stone_andesite_smooth" },
				"north": { "uv": [ 11.5, 4.5, 12.5, 7.5 ], "texture": "#stone_andesite_smooth" },
				"south": { "uv": [ 3.499998, 4.5, 4.499998, 7.5 ], "texture": "#stone_andesite_smooth" },
				"west": { "uv": [ 12.5, 4.5, 13, 7.5 ], "texture": "#stone_andesite_smooth" },
				"east": { "uv": [ 3, 4.5, 3.5, 7.5 ], "texture": "#stone_andesite_smooth" }
			}
		},
		{
			"__comment": "Box5",
			"from": [ 5.75, 5.375, 5.375 ],
			"to": [ 6.25, 6.875, 5.625 ],
			"faces": {
				"down": { "uv": [ 3.499998, 3, 4.499998, 3.5 ], "texture": "#stone_andesite_smooth" },
				"up": { "uv": [ 3.499998, 12.5, 4.499998, 13 ], "texture": "#stone_andesite_smooth" },
				"north": { "uv": [ 11.5, 1, 12.5, 4 ], "texture": "#stone_andesite_smooth" },
				"south": { "uv": [ 3.499998, 1, 4.499998, 4 ], "texture": "#stone_andesite_smooth" },
				"west": { "uv": [ 12.5, 1, 13, 4 ], "texture": "#stone_andesite_smooth" },
				"east": { "uv": [ 3, 1, 3.5, 4 ], "texture": "#stone_andesite_smooth" }
			}
		},
		{
			"__comment": "Box5",
			"from": [ 6.25, 5.875, 5.375 ],
			"to": [ 6.75, 6.875, 5.625 ],
			"faces": {
				"down": { "uv": [ 4.499998, 3, 5.499998, 3.5 ], "texture": "#stone_andesite_smooth" },
				"up": { "uv": [ 4.499998, 12.5, 5.499998, 13 ], "texture": "#stone_andesite_smooth" },
				"north": { "uv": [ 10.5, 1, 11.5, 3 ], "texture": "#stone_andesite_smooth" },
				"south": { "uv": [ 4.499998, 1, 5.499998, 3 ], "texture": "#stone_andesite_smooth" },
				"west": { "uv": [ 12.5, 1, 13, 3 ], "texture": "#stone_andesite_smooth" },
				"east": { "uv": [ 3, 1, 3.5, 3 ], "texture": "#stone_andesite_smooth" }
			}
		},
		{
			"__comment": "Box5",
			"from": [ 6.75, 6.125, 5.375 ],
			"to": [ 7.25, 6.875, 5.625 ],
			"faces": {
				"down": { "uv": [ 5.499998, 3, 6.499998, 3.5 ], "texture": "#stone_andesite_smooth" },
				"up": { "uv": [ 5.499998, 12.5, 6.499998, 13 ], "texture": "#stone_andesite_smooth" },
				"north": { "uv": [ 9.500002, 1, 10.5, 2.5 ], "texture": "#stone_andesite_smooth" },
				"south": { "uv": [ 5.499998, 1, 6.499998, 2.5 ], "texture": "#stone_andesite_smooth" },
				"west": { "uv": [ 12.5, 1, 13, 2.5 ], "texture": "#stone_andesite_smooth" },
				"east": { "uv": [ 3, 1, 3.5, 2.5 ], "texture": "#stone_andesite_smooth" }
			}
		},
		{
			"__comment": "Box5",
			"from": [ 7.25, 6.375, 5.375 ],
			"to": [ 7.75, 6.875, 5.625 ],
			"faces": {
				"down": { "uv": [ 6.499998, 3, 7.499998, 3.5 ], "texture": "#stone_andesite_smooth" },
				"up": { "uv": [ 6.499998, 12.5, 7.499998, 13 ], "texture": "#stone_andesite_smooth" },
				"north": { "uv": [ 8.500002, 1, 9.500002, 2 ], "texture": "#stone_andesite_smooth" },
				"south": { "uv": [ 6.499998, 1, 7.499998, 2 ], "texture": "#stone_andesite_smooth" },
				"west": { "uv": [ 12.5, 1, 13, 2 ], "texture": "#stone_andesite_smooth" },
				"east": { "uv": [ 3, 1, 3.5, 2 ], "texture": "#stone_andesite_smooth" }
			}
		},
		{
			"__comment": "Box5",
			"from": [ 7.75, 6.625, 5.375 ],
			"to": [ 8.25, 6.875, 5.625 ],
			"faces": {
				"down": { "uv": [ 7.499998, 3, 8.499998, 3.5 ], "texture": "#stone_andesite_smooth" },
				"up": { "uv": [ 7.499998, 12.5, 8.499998, 13 ], "texture": "#stone_andesite_smooth" },
				"north": { "uv": [ 7.500002, 1, 8.500002, 1.5 ], "texture": "#stone_andesite_smooth" },
				"south": { "uv": [ 7.499998, 1, 8.499998, 1.5 ], "texture": "#stone_andesite_smooth" },
				"west": { "uv": [ 12.5, 1, 13, 1.5 ], "texture": "#stone_andesite_smooth" },
				"east": { "uv": [ 3, 1, 3.5, 1.5 ], "texture": "#stone_andesite_smooth" }
			}
		},
		{
			"__comment": "Box5",
			"from": [ 8.25, 6.375, 5.375 ],
			"to": [ 8.75, 6.875, 5.625 ],
			"faces": {
				"down": { "uv": [ 8.499998, 3, 9.499998, 3.5 ], "texture": "#stone_andesite_smooth" },
				"up": { "uv": [ 8.499998, 12.5, 9.499998, 13 ], "texture": "#stone_andesite_smooth" },
				"north": { "uv": [ 6.500002, 1, 7.500002, 2 ], "texture": "#stone_andesite_smooth" },
				"south": { "uv": [ 8.499998, 1, 9.499998, 2 ], "texture": "#stone_andesite_smooth" },
				"west": { "uv": [ 12.5, 1, 13, 2 ], "texture": "#stone_andesite_smooth" },
				"east": { "uv": [ 3, 1, 3.5, 2 ], "texture": "#stone_andesite_smooth" }
			}
		},
		{
			"__comment": "Box5",
			"from": [ 8.75, 6.125, 5.375 ],
			"to": [ 9.25, 6.875, 5.625 ],
			"faces": {
				"down": { "uv": [ 9.499998, 3, 10.5, 3.5 ], "texture": "#stone_andesite_smooth" },
				"up": { "uv": [ 9.499998, 12.5, 10.5, 13 ], "texture": "#stone_andesite_smooth" },
				"north": { "uv": [ 5.500002, 1, 6.500002, 2.5 ], "texture": "#stone_andesite_smooth" },
				"south": { "uv": [ 9.499998, 1, 10.5, 2.5 ], "texture": "#stone_andesite_smooth" },
				"west": { "uv": [ 12.5, 1, 13, 2.5 ], "texture": "#stone_andesite_smooth" },
				"east": { "uv": [ 3, 1, 3.5, 2.5 ], "texture": "#stone_andesite_smooth" }
			}
		},
		{
			"__comment": "Box5",
			"from": [ 9.25, 5.875, 5.375 ],
			"to": [ 9.75, 6.875, 5.625 ],
			"faces": {
				"down": { "uv": [ 10.5, 3, 11.5, 3.5 ], "texture": "#stone_andesite_smooth" },
				"up": { "uv": [ 10.5, 12.5, 11.5, 13 ], "texture": "#stone_andesite_smooth" },
				"north": { "uv": [ 4.500002, 1, 5.500002, 3 ], "texture": "#stone_andesite_smooth" },
				"south": { "uv": [ 10.5, 1, 11.5, 3 ], "texture": "#stone_andesite_smooth" },
				"west": { "uv": [ 12.5, 1, 13, 3 ], "texture": "#stone_andesite_smooth" },
				"east": { "uv": [ 3, 1, 3.5, 3 ], "texture": "#stone_andesite_smooth" }
			}
		},
		{
			"__comment": "Box5",
			"from": [ 9.75, 5.375, 5.375 ],
			"to": [ 10.25, 6.875, 5.625 ],
			"faces": {
				"down": { "uv": [ 11.5, 3, 12.5, 3.5 ], "texture": "#stone_andesite_smooth" },
				"up": { "uv": [ 11.5, 12.5, 12.5, 13 ], "texture": "#stone_andesite_smooth" },
				"north": { "uv": [ 3.500002, 1, 4.500002, 4 ], "texture": "#stone_andesite_smooth" },
				"south": { "uv": [ 11.5, 1, 12.5, 4 ], "texture": "#stone_andesite_smooth" },
				"west": { "uv": [ 12.5, 1, 13, 4 ], "texture": "#stone_andesite_smooth" },
				"east": { "uv": [ 3, 1, 3.5, 4 ], "texture": "#stone_andesite_smooth" }
			}
		},
		{
			"__comment": "Box5",
			"from": [ 9.75, 3.625, 5.375 ],
			"to": [ 10.25, 5.125, 5.625 ],
			"faces": {
				"down": { "uv": [ 11.5, 3, 12.5, 3.5 ], "texture": "#stone_andesite_smooth" },
				"up": { "uv": [ 11.5, 12.5, 12.5, 13 ], "texture": "#stone_andesite_smooth" },
				"north": { "uv": [ 3.500002, 4.5, 4.500002, 7.5 ], "texture": "#stone_andesite_smooth" },
				"south": { "uv": [ 11.5, 4.5, 12.5, 7.5 ], "texture": "#stone_andesite_smooth" },
				"west": { "uv": [ 12.5, 4.5, 13, 7.5 ], "texture": "#stone_andesite_smooth" },
				"east": { "uv": [ 3, 4.5, 3.5, 7.5 ], "texture": "#stone_andesite_smooth" }
			}
		},
		{
			"__comment": "Box5",
			"from": [ 9.25, 3.625, 5.375 ],
			"to": [ 9.75, 4.625, 5.625 ],
			"faces": {
				"down": { "uv": [ 10.5, 3, 11.5, 3.5 ], "texture": "#stone_andesite_smooth" },
				"up": { "uv": [ 10.5, 12.5, 11.5, 13 ], "texture": "#stone_andesite_smooth" },
				"north": { "uv": [ 4.500002, 5.5, 5.500002, 7.5 ], "texture": "#stone_andesite_smooth" },
				"south": { "uv": [ 10.5, 5.5, 11.5, 7.5 ], "texture": "#stone_andesite_smooth" },
				"west": { "uv": [ 12.5, 5.5, 13, 7.5 ], "texture": "#stone_andesite_smooth" },
				"east": { "uv": [ 3, 5.5, 3.5, 7.5 ], "texture": "#stone_andesite_smooth" }
			}
		},
		{
			"__comment": "Box5",
			"from": [ 8.75, 3.625, 5.375 ],
			"to": [ 9.25, 4.375, 5.625 ],
			"faces": {
				"down": { "uv": [ 9.499998, 3, 10.5, 3.5 ], "texture": "#stone_andesite_smooth" },
				"up": { "uv": [ 9.499998, 12.5, 10.5, 13 ], "texture": "#stone_andesite_smooth" },
				"north": { "uv": [ 5.500002, 6, 6.500002, 7.5 ], "texture": "#stone_andesite_smooth" },
				"south": { "uv": [ 9.499998, 6, 10.5, 7.5 ], "texture": "#stone_andesite_smooth" },
				"west": { "uv": [ 12.5, 6, 13, 7.5 ], "texture": "#stone_andesite_smooth" },
				"east": { "uv": [ 3, 6, 3.5, 7.5 ], "texture": "#stone_andesite_smooth" }
			}
		},
		{
			"__comment": "Box5",
			"from": [ 8.25, 3.625, 5.375 ],
			"to": [ 8.75, 4.125, 5.625 ],
			"faces": {
				"down": { "uv": [ 8.499998, 3, 9.499998, 3.5 ], "texture": "#stone_andesite_smooth" },
				"up": { "uv": [ 8.499998, 12.5, 9.499998, 13 ], "texture": "#stone_andesite_smooth" },
				"north": { "uv": [ 6.500002, 6.5, 7.500002, 7.5 ], "texture": "#stone_andesite_smooth" },
				"south": { "uv": [ 8.499998, 6.5, 9.499998, 7.5 ], "texture": "#stone_andesite_smooth" },
				"west": { "uv": [ 12.5, 6.5, 13, 7.5 ], "texture": "#stone_andesite_smooth" },
				"east": { "uv": [ 3, 6.5, 3.5, 7.5 ], "texture": "#stone_andesite_smooth" }
			}
		},
		{
			"__comment": "Box5",
			"from": [ 7.75, 3.625, 5.375 ],
			"to": [ 8.25, 3.875, 5.625 ],
			"faces": {
				"down": { "uv": [ 7.499998, 3, 8.499998, 3.5 ], "texture": "#stone_andesite_smooth" },
				"up": { "uv": [ 7.499998, 12.5, 8.499998, 13 ], "texture": "#stone_andesite_smooth" },
				"north": { "uv": [ 7.500002, 7, 8.500002, 7.5 ], "texture": "#stone_andesite_smooth" },
				"south": { "uv": [ 7.499998, 7, 8.499998, 7.5 ], "texture": "#stone_andesite_smooth" },
				"west": { "uv": [ 12.5, 7, 13, 7.5 ], "texture": "#stone_andesite_smooth" },
				"east": { "uv": [ 3, 7, 3.5, 7.5 ], "texture": "#stone_andesite_smooth" }
			}
		},
		{
			"__comment": "Box5",
			"from": [ 7.25, 3.625, 5.375 ],
			"to": [ 7.75, 4.125, 5.625 ],
			"faces": {
				"down": { "uv": [ 6.499998, 3, 7.499998, 3.5 ], "texture": "#stone_andesite_smooth" },
				"up": { "uv": [ 6.499998, 12.5, 7.499998, 13 ], "texture": "#stone_andesite_smooth" },
				"north": { "uv": [ 8.500002, 6.5, 9.500002, 7.5 ], "texture": "#stone_andesite_smooth" },
				"south": { "uv": [ 6.499998, 6.5, 7.499998, 7.5 ], "texture": "#stone_andesite_smooth" },
				"west": { "uv": [ 12.5, 6.5, 13, 7.5 ], "texture": "#stone_andesite_smooth" },
				"east": { "uv": [ 3, 6.5, 3.5, 7.5 ], "texture": "#stone_andesite_smooth" }
			}
		},
		{
			"__comment": "Box5",
			"from": [ 6.75, 3.625, 5.375 ],
			"to": [ 7.25, 4.375, 5.625 ],
			"faces": {
				"down": { "uv": [ 5.499998, 3, 6.499998, 3.5 ], "texture": "#stone_andesite_smooth" },
				"up": { "uv": [ 5.499998, 12.5, 6.499998, 13 ], "texture": "#stone_andesite_smooth" },
				"north": { "uv": [ 9.500002, 6, 10.5, 7.5 ], "texture": "#stone_andesite_smooth" },
				"south": { "uv": [ 5.499998, 6, 6.499998, 7.5 ], "texture": "#stone_andesite_smooth" },
				"west": { "uv": [ 12.5, 6, 13, 7.5 ], "texture": "#stone_andesite_smooth" },
				"east": { "uv": [ 3, 6, 3.5, 7.5 ], "texture": "#stone_andesite_smooth" }
			}
		},
		{
			"__comment": "Box5",
			"from": [ 6.25, 3.625, 5.375 ],
			"to": [ 6.75, 4.625, 5.625 ],
			"faces": {
				"down": { "uv": [ 4.499998, 3, 5.499998, 3.5 ], "texture": "#stone_andesite_smooth" },
				"up": { "uv": [ 4.499998, 12.5, 5.499998, 13 ], "texture": "#stone_andesite_smooth" },
				"north": { "uv": [ 10.5, 5.5, 11.5, 7.5 ], "texture": "#stone_andesite_smooth" },
				"south": { "uv": [ 4.499998, 5.5, 5.499998, 7.5 ], "texture": "#stone_andesite_smooth" },
				"west": { "uv": [ 12.5, 5.5, 13, 7.5 ], "texture": "#stone_andesite_smooth" },
				"east": { "uv": [ 3, 5.5, 3.5, 7.5 ], "texture": "#stone_andesite_smooth" }
			}
		},
		{
			"__comment": "Box5",
			"from": [ 10.25, 3.625, 5.625 ],
			"to": [ 10.5, 5.125, 6.125 ],
			"faces": {
				"down": { "uv": [ 3.499998, 3, 4.499998, 3.5 ], "texture": "#stone_andesite_smooth", "rotation": 270 },
				"up": { "uv": [ 3.499998, 12.5, 4.499998, 13 ], "texture": "#stone_andesite_smooth", "rotation": 90 },
				"north": { "uv": [ 12.5, 4.5, 13, 7.5 ], "texture": "#stone_andesite_smooth" },
				"south": { "uv": [ 3, 4.5, 3.5, 7.5 ], "texture": "#stone_andesite_smooth" },
				"west": { "uv": [ 3.499998, 4.5, 4.499998, 7.5 ], "texture": "#stone_andesite_smooth" },
				"east": { "uv": [ 11.5, 4.5, 12.5, 7.5 ], "texture": "#stone_andesite_smooth" }
			}
		},
		{
			"__comment": "Box5",
			"from": [ 10.25, 5.375, 5.625 ],
			"to": [ 10.5, 6.875, 6.125 ],
			"faces": {
				"down": { "uv": [ 3.499998, 3, 4.499998, 3.5 ], "texture": "#stone_andesite_smooth", "rotation": 270 },
				"up": { "uv": [ 3.499998, 12.5, 4.499998, 13 ], "texture": "#stone_andesite_smooth", "rotation": 90 },
				"north": { "uv": [ 12.5, 1, 13, 4 ], "texture": "#stone_andesite_smooth" },
				"south": { "uv": [ 3, 1, 3.5, 4 ], "texture": "#stone_andesite_smooth" },
				"west": { "uv": [ 3.499998, 1, 4.499998, 4 ], "texture": "#stone_andesite_smooth" },
				"east": { "uv": [ 11.5, 1, 12.5, 4 ], "texture": "#stone_andesite_smooth" }
			}
		},
		{
			"__comment": "Box5",
			"from": [ 10.25, 5.875, 6.125 ],
			"to": [ 10.5, 6.875, 6.625 ],
			"faces": {
				"down": { "uv": [ 4.499998, 3, 5.499998, 3.5 ], "texture": "#stone_andesite_smooth", "rotation": 270 },
				"up": { "uv": [ 4.499998, 12.5, 5.499998, 13 ], "texture": "#stone_andesite_smooth", "rotation": 90 },
				"north": { "uv": [ 12.5, 1, 13, 3 ], "texture": "#stone_andesite_smooth" },
				"south": { "uv": [ 3, 1, 3.5, 3 ], "texture": "#stone_andesite_smooth" },
				"west": { "uv": [ 4.499998, 1, 5.499998, 3 ], "texture": "#stone_andesite_smooth" },
				"east": { "uv": [ 10.5, 1, 11.5, 3 ], "texture": "#stone_andesite_smooth" }
			}
		},
		{
			"__comment": "Box5",
			"from": [ 10.25, 6.125, 6.625 ],
			"to": [ 10.5, 6.875, 7.125 ],
			"faces": {
				"down": { "uv": [ 5.499998, 3, 6.499998, 3.5 ], "texture": "#stone_andesite_smooth", "rotation": 270 },
				"up": { "uv": [ 5.499998, 12.5, 6.499998, 13 ], "texture": "#stone_andesite_smooth", "rotation": 90 },
				"north": { "uv": [ 12.5, 1, 13, 2.5 ], "texture": "#stone_andesite_smooth" },
				"south": { "uv": [ 3, 1, 3.5, 2.5 ], "texture": "#stone_andesite_smooth" },
				"west": { "uv": [ 5.499998, 1, 6.499998, 2.5 ], "texture": "#stone_andesite_smooth" },
				"east": { "uv": [ 9.500002, 1, 10.5, 2.5 ], "texture": "#stone_andesite_smooth" }
			}
		},
		{
			"__comment": "Box5",
			"from": [ 10.25, 6.375, 7.125 ],
			"to": [ 10.5, 6.875, 7.625 ],
			"faces": {
				"down": { "uv": [ 6.499998, 3, 7.499998, 3.5 ], "texture": "#stone_andesite_smooth", "rotation": 270 },
				"up": { "uv": [ 6.499998, 12.5, 7.499998, 13 ], "texture": "#stone_andesite_smooth", "rotation": 90 },
				"north": { "uv": [ 12.5, 1, 13, 2 ], "texture": "#stone_andesite_smooth" },
				"south": { "uv": [ 3, 1, 3.5, 2 ], "texture": "#stone_andesite_smooth" },
				"west": { "uv": [ 6.499998, 1, 7.499998, 2 ], "texture": "#stone_andesite_smooth" },
				"east": { "uv": [ 8.500002, 1, 9.500002, 2 ], "texture": "#stone_andesite_smooth" }
			}
		},
		{
			"__comment": "Box5",
			"from": [ 10.25, 6.625, 7.625 ],
			"to": [ 10.5, 6.875, 8.125 ],
			"faces": {
				"down": { "uv": [ 7.499998, 3, 8.499998, 3.5 ], "texture": "#stone_andesite_smooth", "rotation": 270 },
				"up": { "uv": [ 7.499998, 12.5, 8.499998, 13 ], "texture": "#stone_andesite_smooth", "rotation": 90 },
				"north": { "uv": [ 12.5, 1, 13, 1.5 ], "texture": "#stone_andesite_smooth" },
				"south": { "uv": [ 3, 1, 3.5, 1.5 ], "texture": "#stone_andesite_smooth" },
				"west": { "uv": [ 7.499998, 1, 8.499998, 1.5 ], "texture": "#stone_andesite_smooth" },
				"east": { "uv": [ 7.500002, 1, 8.500002, 1.5 ], "texture": "#stone_andesite_smooth" }
			}
		},
		{
			"__comment": "Box5",
			"from": [ 10.25, 6.375, 8.125 ],
			"to": [ 10.5, 6.875, 8.625 ],
			"faces": {
				"down": { "uv": [ 8.499998, 3, 9.499998, 3.5 ], "texture": "#stone_andesite_smooth", "rotation": 270 },
				"up": { "uv": [ 8.499998, 12.5, 9.499998, 13 ], "texture": "#stone_andesite_smooth", "rotation": 90 },
				"north": { "uv": [ 12.5, 1, 13, 2 ], "texture": "#stone_andesite_smooth" },
				"south": { "uv": [ 3, 1, 3.5, 2 ], "texture": "#stone_andesite_smooth" },
				"west": { "uv": [ 8.499998, 1, 9.499998, 2 ], "texture": "#stone_andesite_smooth" },
				"east": { "uv": [ 6.500002, 1, 7.500002, 2 ], "texture": "#stone_andesite_smooth" }
			}
		},
		{
			"__comment": "Box5",
			"from": [ 10.25, 6.125, 8.625 ],
			"to": [ 10.5, 6.875, 9.125 ],
			"faces": {
				"down": { "uv": [ 9.499998, 3, 10.5, 3.5 ], "texture": "#stone_andesite_smooth", "rotation": 270 },
				"up": { "uv": [ 9.499998, 12.5, 10.5, 13 ], "texture": "#stone_andesite_smooth", "rotation": 90 },
				"north": { "uv": [ 12.5, 1, 13, 2.5 ], "texture": "#stone_andesite_smooth" },
				"south": { "uv": [ 3, 1, 3.5, 2.5 ], "texture": "#stone_andesite_smooth" },
				"west": { "uv": [ 9.499998, 1, 10.5, 2.5 ], "texture": "#stone_andesite_smooth" },
				"east": { "uv": [ 5.500002, 1, 6.500002, 2.5 ], "texture": "#stone_andesite_smooth" }
			}
		},
		{
			"__comment": "Box5",
			"from": [ 10.25, 5.875, 9.125 ],
			"to": [ 10.5, 6.875, 9.625 ],
			"faces": {
				"down": { "uv": [ 10.5, 3, 11.5, 3.5 ], "texture": "#stone_andesite_smooth", "rotation": 270 },
				"up": { "uv": [ 10.5, 12.5, 11.5, 13 ], "texture": "#stone_andesite_smooth", "rotation": 90 },
				"north": { "uv": [ 12.5, 1, 13, 3 ], "texture": "#stone_andesite_smooth" },
				"south": { "uv": [ 3, 1, 3.5, 3 ], "texture": "#stone_andesite_smooth" },
				"west": { "uv": [ 10.5, 1, 11.5, 3 ], "texture": "#stone_andesite_smooth" },
				"east": { "uv": [ 4.500002, 1, 5.500002, 3 ], "texture": "#stone_andesite_smooth" }
			}
		},
		{
			"__comment": "Box5",
			"from": [ 10.25, 5.375, 9.625 ],
			"to": [ 10.5, 6.875, 10.125 ],
			"faces": {
				"down": { "uv": [ 11.5, 3, 12.5, 3.5 ], "texture": "#stone_andesite_smooth", "rotation": 270 },
				"up": { "uv": [ 11.5, 12.5, 12.5, 13 ], "texture": "#stone_andesite_smooth", "rotation": 90 },
				"north": { "uv": [ 12.5, 1, 13, 4 ], "texture": "#stone_andesite_smooth" },
				"south": { "uv": [ 3, 1, 3.5, 4 ], "texture": "#stone_andesite_smooth" },
				"west": { "uv": [ 11.5, 1, 12.5, 4 ], "texture": "#stone_andesite_smooth" },
				"east": { "uv": [ 3.500002, 1, 4.500002, 4 ], "texture": "#stone_andesite_smooth" }
			}
		},
		{
			"__comment": "Box5",
			"from": [ 10.25, 3.625, 9.625 ],
			"to": [ 10.5, 5.125, 10.125 ],
			"faces": {
				"down": { "uv": [ 11.5, 3, 12.5, 3.5 ], "texture": "#stone_andesite_smooth", "rotation": 270 },
				"up": { "uv": [ 11.5, 12.5, 12.5, 13 ], "texture": "#stone_andesite_smooth", "rotation": 90 },
				"north": { "uv": [ 12.5, 4.5, 13, 7.5 ], "texture": "#stone_andesite_smooth" },
				"south": { "uv": [ 3, 4.5, 3.5, 7.5 ], "texture": "#stone_andesite_smooth" },
				"west": { "uv": [ 11.5, 4.5, 12.5, 7.5 ], "texture": "#stone_andesite_smooth" },
				"east": { "uv": [ 3.500002, 4.5, 4.500002, 7.5 ], "texture": "#stone_andesite_smooth" }
			}
		},
		{
			"__comment": "Box5",
			"from": [ 10.25, 3.625, 9.125 ],
			"to": [ 10.5, 4.625, 9.625 ],
			"faces": {
				"down": { "uv": [ 10.5, 3, 11.5, 3.5 ], "texture": "#stone_andesite_smooth", "rotation": 270 },
				"up": { "uv": [ 10.5, 12.5, 11.5, 13 ], "texture": "#stone_andesite_smooth", "rotation": 90 },
				"north": { "uv": [ 12.5, 5.5, 13, 7.5 ], "texture": "#stone_andesite_smooth" },
				"south": { "uv": [ 3, 5.5, 3.5, 7.5 ], "texture": "#stone_andesite_smooth" },
				"west": { "uv": [ 10.5, 5.5, 11.5, 7.5 ], "texture": "#stone_andesite_smooth" },
				"east": { "uv": [ 4.500002, 5.5, 5.500002, 7.5 ], "texture": "#stone_andesite_smooth" }
			}
		},
		{
			"__comment": "Box5",
			"from": [ 10.25, 3.625, 8.625 ],
			"to": [ 10.5, 4.375, 9.125 ],
			"faces": {
				"down": { "uv": [ 9.499998, 3, 10.5, 3.5 ], "texture": "#stone_andesite_smooth", "rotation": 270 },
				"up": { "uv": [ 9.499998, 12.5, 10.5, 13 ], "texture": "#stone_andesite_smooth", "rotation": 90 },
				"north": { "uv": [ 12.5, 6, 13, 7.5 ], "texture": "#stone_andesite_smooth" },
				"south": { "uv": [ 3, 6, 3.5, 7.5 ], "texture": "#stone_andesite_smooth" },
				"west": { "uv": [ 9.499998, 6, 10.5, 7.5 ], "texture": "#stone_andesite_smooth" },
				"east": { "uv": [ 5.500002, 6, 6.500002, 7.5 ], "texture": "#stone_andesite_smooth" }
			}
		},
		{
			"__comment": "Box5",
			"from": [ 10.25, 3.625, 8.125 ],
			"to": [ 10.5, 4.125, 8.625 ],
			"faces": {
				"down": { "uv": [ 8.499998, 3, 9.499998, 3.5 ], "texture": "#stone_andesite_smooth", "rotation": 270 },
				"up": { "uv": [ 8.499998, 12.5, 9.499998, 13 ], "texture": "#stone_andesite_smooth", "rotation": 90 },
				"north": { "uv": [ 12.5, 6.5, 13, 7.5 ], "texture": "#stone_andesite_smooth" },
				"south": { "uv": [ 3, 6.5, 3.5, 7.5 ], "texture": "#stone_andesite_smooth" },
				"west": { "uv": [ 8.499998, 6.5, 9.499998, 7.5 ], "texture": "#stone_andesite_smooth" },
				"east": { "uv": [ 6.500002, 6.5, 7.500002, 7.5 ], "texture": "#stone_andesite_smooth" }
			}
		},
		{
			"__comment": "Box5",
			"from": [ 10.25, 3.625, 7.625 ],
			"to": [ 10.5, 3.875, 8.125 ],
			"faces": {
				"down": { "uv": [ 7.499998, 3, 8.499998, 3.5 ], "texture": "#stone_andesite_smooth", "rotation": 270 },
				"up": { "uv": [ 7.499998, 12.5, 8.499998, 13 ], "texture": "#stone_andesite_smooth", "rotation": 90 },
				"north": { "uv": [ 12.5, 7, 13, 7.5 ], "texture": "#stone_andesite_smooth" },
				"south": { "uv": [ 3, 7, 3.5, 7.5 ], "texture": "#stone_andesite_smooth" },
				"west": { "uv": [ 7.499998, 7, 8.499998, 7.5 ], "texture": "#stone_andesite_smooth" },
				"east": { "uv": [ 7.500002, 7, 8.500002, 7.5 ], "texture": "#stone_andesite_smooth" }
			}
		},
		{
			"__comment": "Box5",
			"from": [ 10.25, 3.625, 7.125 ],
			"to": [ 10.5, 4.125, 7.625 ],
			"faces": {
				"down": { "uv": [ 6.499998, 3, 7.499998, 3.5 ], "texture": "#stone_andesite_smooth", "rotation": 270 },
				"up": { "uv": [ 6.499998, 12.5, 7.499998, 13 ], "texture": "#stone_andesite_smooth", "rotation": 90 },
				"north": { "uv": [ 12.5, 6.5, 13, 7.5 ], "texture": "#stone_andesite_smooth" },
				"south": { "uv": [ 3, 6.5, 3.5, 7.5 ], "texture": "#stone_andesite_smooth" },
				"west": { "uv": [ 6.499998, 6.5, 7.499998, 7.5 ], "texture": "#stone_andesite_smooth" },
				"east": { "uv": [ 8.500002, 6.5, 9.500002, 7.5 ], "texture": "#stone_andesite_smooth" }
			}
		},
		{
			"__comment": "Box5",
			"from": [ 10.25, 3.625, 6.625 ],
			"to": [ 10.5, 4.375, 7.125 ],
			"faces": {
				"down": { "uv": [ 5.499998, 3, 6.499998, 3.5 ], "texture": "#stone_andesite_smooth", "rotation": 270 },
				"up": { "uv": [ 5.499998, 12.5, 6.499998, 13 ], "texture": "#stone_andesite_smooth", "rotation": 90 },
				"north": { "uv": [ 12.5, 6, 13, 7.5 ], "texture": "#stone_andesite_smooth" },
				"south": { "uv": [ 3, 6, 3.5, 7.5 ], "texture": "#stone_andesite_smooth" },
				"west": { "uv": [ 5.499998, 6, 6.499998, 7.5 ], "texture": "#stone_andesite_smooth" },
				"east": { "uv": [ 9.500002, 6, 10.5, 7.5 ], "texture": "#stone_andesite_smooth" }
			}
		},
		{
			"__comment": "Box5",
			"from": [ 10.25, 3.625, 6.125 ],
			"to": [ 10.5, 4.625, 6.625 ],
			"faces": {
				"down": { "uv": [ 4.499998, 3, 5.499998, 3.5 ], "texture": "#stone_andesite_smooth", "rotation": 270 },
				"up": { "uv": [ 4.499998, 12.5, 5.499998, 13 ], "texture": "#stone_andesite_smooth", "rotation": 90 },
				"north": { "uv": [ 12.5, 5.5, 13, 7.5 ], "texture": "#stone_andesite_smooth" },
				"south": { "uv": [ 3, 5.5, 3.5, 7.5 ], "texture": "#stone_andesite_smooth" },
				"west": { "uv": [ 4.499998, 5.5, 5.499998, 7.5 ], "texture": "#stone_andesite_smooth" },
				"east": { "uv": [ 10.5, 5.5, 11.5, 7.5 ], "texture": "#stone_andesite_smooth" }
			}
		},
		{
			"__comment": "Box5",
			"from": [ 5.5, 3.625, 5.625 ],
			"to": [ 5.75, 5.125, 6.125 ],
			"faces": {
				"down": { "uv": [ 3.499998, 3, 4.499998, 3.5 ], "texture": "#stone_andesite_smooth", "rotation": 270 },
				"up": { "uv": [ 3.499998, 12.5, 4.499998, 13 ], "texture": "#stone_andesite_smooth", "rotation": 90 },
				"north": { "uv": [ 12.5, 4.5, 13, 7.5 ], "texture": "#stone_andesite_smooth" },
				"south": { "uv": [ 3, 4.5, 3.5, 7.5 ], "texture": "#stone_andesite_smooth" },
				"west": { "uv": [ 3.499998, 4.5, 4.499998, 7.5 ], "texture": "#stone_andesite_smooth" },
				"east": { "uv": [ 11.5, 4.5, 12.5, 7.5 ], "texture": "#stone_andesite_smooth" }
			}
		},
		{
			"__comment": "Box5",
			"from": [ 5.5, 5.375, 5.625 ],
			"to": [ 5.75, 6.875, 6.125 ],
			"faces": {
				"down": { "uv": [ 3.499998, 3, 4.499998, 3.5 ], "texture": "#stone_andesite_smooth", "rotation": 270 },
				"up": { "uv": [ 3.499998, 12.5, 4.499998, 13 ], "texture": "#stone_andesite_smooth", "rotation": 90 },
				"north": { "uv": [ 12.5, 1, 13, 4 ], "texture": "#stone_andesite_smooth" },
				"south": { "uv": [ 3, 1, 3.5, 4 ], "texture": "#stone_andesite_smooth" },
				"west": { "uv": [ 3.499998, 1, 4.499998, 4 ], "texture": "#stone_andesite_smooth" },
				"east": { "uv": [ 11.5, 1, 12.5, 4 ], "texture": "#stone_andesite_smooth" }
			}
		},
		{
			"__comment": "Box5",
			"from": [ 5.5, 5.875, 6.125 ],
			"to": [ 5.75, 6.875, 6.625 ],
			"faces": {
				"down": { "uv": [ 4.499998, 3, 5.499998, 3.5 ], "texture": "#stone_andesite_smooth", "rotation": 270 },
				"up": { "uv": [ 4.499998, 12.5, 5.499998, 13 ], "texture": "#stone_andesite_smooth", "rotation": 90 },
				"north": { "uv": [ 12.5, 1, 13, 3 ], "texture": "#stone_andesite_smooth" },
				"south": { "uv": [ 3, 1, 3.5, 3 ], "texture": "#stone_andesite_smooth" },
				"west": { "uv": [ 4.499998, 1, 5.499998, 3 ], "texture": "#stone_andesite_smooth" },
				"east": { "uv": [ 10.5, 1, 11.5, 3 ], "texture": "#stone_andesite_smooth" }
			}
		},
		{
			"__comment": "Box5",
			"from": [ 5.5, 6.125, 6.625 ],
			"to": [ 5.75, 6.875, 7.125 ],
			"faces": {
				"down": { "uv": [ 5.499998, 3, 6.499998, 3.5 ], "texture": "#stone_andesite_smooth", "rotation": 270 },
				"up": { "uv": [ 5.499998, 12.5, 6.499998, 13 ], "texture": "#stone_andesite_smooth", "rotation": 90 },
				"north": { "uv": [ 12.5, 1, 13, 2.5 ], "texture": "#stone_andesite_smooth" },
				"south": { "uv": [ 3, 1, 3.5, 2.5 ], "texture": "#stone_andesite_smooth" },
				"west": { "uv": [ 5.499998, 1, 6.499998, 2.5 ], "texture": "#stone_andesite_smooth" },
				"east": { "uv": [ 9.500002, 1, 10.5, 2.5 ], "texture": "#stone_andesite_smooth" }
			}
		},
		{
			"__comment": "Box5",
			"from": [ 5.5, 6.375, 7.125 ],
			"to": [ 5.75, 6.875, 7.625 ],
			"faces": {
				"down": { "uv": [ 6.499998, 3, 7.499998, 3.5 ], "texture": "#stone_andesite_smooth", "rotation": 270 },
				"up": { "uv": [ 6.499998, 12.5, 7.499998, 13 ], "texture": "#stone_andesite_smooth", "rotation": 90 },
				"north": { "uv": [ 12.5, 1, 13, 2 ], "texture": "#stone_andesite_smooth" },
				"south": { "uv": [ 3, 1, 3.5, 2 ], "texture": "#stone_andesite_smooth" },
				"west": { "uv": [ 6.499998, 1, 7.499998, 2 ], "texture": "#stone_andesite_smooth" },
				"east": { "uv": [ 8.500002, 1, 9.500002, 2 ], "texture": "#stone_andesite_smooth" }
			}
		},
		{
			"__comment": "Box5",
			"from": [ 5.5, 6.625, 7.625 ],
			"to": [ 5.75, 6.875, 8.125 ],
			"faces": {
				"down": { "uv": [ 7.499998, 3, 8.499998, 3.5 ], "texture": "#stone_andesite_smooth", "rotation": 270 },
				"up": { "uv": [ 7.499998, 12.5, 8.499998, 13 ], "texture": "#stone_andesite_smooth", "rotation": 90 },
				"north": { "uv": [ 12.5, 1, 13, 1.5 ], "texture": "#stone_andesite_smooth" },
				"south": { "uv": [ 3, 1, 3.5, 1.5 ], "texture": "#stone_andesite_smooth" },
				"west": { "uv": [ 7.499998, 1, 8.499998, 1.5 ], "texture": "#stone_andesite_smooth" },
				"east": { "uv": [ 7.500002, 1, 8.500002, 1.5 ], "texture": "#stone_andesite_smooth" }
			}
		},
		{
			"__comment": "Box5",
			"from": [ 5.5, 6.375, 8.125 ],
			"to": [ 5.75, 6.875, 8.625 ],
			"faces": {
				"down": { "uv": [ 8.499998, 3, 9.499998, 3.5 ], "texture": "#stone_andesite_smooth", "rotation": 270 },
				"up": { "uv": [ 8.499998, 12.5, 9.499998, 13 ], "texture": "#stone_andesite_smooth", "rotation": 90 },
				"north": { "uv": [ 12.5, 1, 13, 2 ], "texture": "#stone_andesite_smooth" },
				"south": { "uv": [ 3, 1, 3.5, 2 ], "texture": "#stone_andesite_smooth" },
				"west": { "uv": [ 8.499998, 1, 9.499998, 2 ], "texture": "#stone_andesite_smooth" },
				"east": { "uv": [ 6.500002, 1, 7.500002, 2 ], "texture": "#stone_andesite_smooth" }
			}
		},
		{
			"__comment": "Box5",
			"from": [ 5.5, 6.125, 8.625 ],
			"to": [ 5.75, 6.875, 9.125 ],
			"faces": {
				"down": { "uv": [ 9.499998, 3, 10.5, 3.5 ], "texture": "#stone_andesite_smooth", "rotation": 270 },
				"up": { "uv": [ 9.499998, 12.5, 10.5, 13 ], "texture": "#stone_andesite_smooth", "rotation": 90 },
				"north": { "uv": [ 12.5, 1, 13, 2.5 ], "texture": "#stone_andesite_smooth" },
				"south": { "uv": [ 3, 1, 3.5, 2.5 ], "texture": "#stone_andesite_smooth" },
				"west": { "uv": [ 9.499998, 1, 10.5, 2.5 ], "texture": "#stone_andesite_smooth" },
				"east": { "uv": [ 5.500002, 1, 6.500002, 2.5 ], "texture": "#stone_andesite_smooth" }
			}
		},
		{
			"__comment": "Box5",
			"from": [ 5.5, 5.875, 9.125 ],
			"to": [ 5.75, 6.875, 9.625 ],
			"faces": {
				"down": { "uv": [ 10.5, 3, 11.5, 3.5 ], "texture": "#stone_andesite_smooth", "rotation": 270 },
				"up": { "uv": [ 10.5, 12.5, 11.5, 13 ], "texture": "#stone_andesite_smooth", "rotation": 90 },
				"north": { "uv": [ 12.5, 1, 13, 3 ], "texture": "#stone_andesite_smooth" },
				"south": { "uv": [ 3, 1, 3.5, 3 ], "texture": "#stone_andesite_smooth" },
				"west": { "uv": [ 10.5, 1, 11.5, 3 ], "texture": "#stone_andesite_smooth" },
				"east": { "uv": [ 4.500002, 1, 5.500002, 3 ], "texture": "#stone_andesite_smooth" }
			}
		},
		{
			"__comment": "Box5",
			"from": [ 5.5, 5.375, 9.625 ],
			"to": [ 5.75, 6.875, 10.125 ],
			"faces": {
				"down": { "uv": [ 11.5, 3, 12.5, 3.5 ], "texture": "#stone_andesite_smooth", "rotation": 270 },
				"up": { "uv": [ 11.5, 12.5, 12.5, 13 ], "texture": "#stone_andesite_smooth", "rotation": 90 },
				"north": { "uv": [ 12.5, 1, 13, 4 ], "texture": "#stone_andesite_smooth" },
				"south": { "uv": [ 3, 1, 3.5, 4 ], "texture": "#stone_andesite_smooth" },
				"west": { "uv": [ 11.5, 1, 12.5, 4 ], "texture": "#stone_andesite_smooth" },
				"east": { "uv": [ 3.500002, 1, 4.500002, 4 ], "texture": "#stone_andesite_smooth" }
			}
		},
		{
			"__comment": "Box5",
			"from": [ 5.5, 3.625, 9.625 ],
			"to": [ 5.75, 5.125, 10.125 ],
			"faces": {
				"down": { "uv": [ 11.5, 3, 12.5, 3.5 ], "texture": "#stone_andesite_smooth", "rotation": 270 },
				"up": { "uv": [ 11.5, 12.5, 12.5, 13 ], "texture": "#stone_andesite_smooth", "rotation": 90 },
				"north": { "uv": [ 12.5, 4.5, 13, 7.5 ], "texture": "#stone_andesite_smooth" },
				"south": { "uv": [ 3, 4.5, 3.5, 7.5 ], "texture": "#stone_andesite_smooth" },
				"west": { "uv": [ 11.5, 4.5, 12.5, 7.5 ], "texture": "#stone_andesite_smooth" },
				"east": { "uv": [ 3.500002, 4.5, 4.500002, 7.5 ], "texture": "#stone_andesite_smooth" }
			}
		},
		{
			"__comment": "Box5",
			"from": [ 5.5, 3.625, 9.125 ],
			"to": [ 5.75, 4.625, 9.625 ],
			"faces": {
				"down": { "uv": [ 10.5, 3, 11.5, 3.5 ], "texture": "#stone_andesite_smooth", "rotation": 270 },
				"up": { "uv": [ 10.5, 12.5, 11.5, 13 ], "texture": "#stone_andesite_smooth", "rotation": 90 },
				"north": { "uv": [ 12.5, 5.5, 13, 7.5 ], "texture": "#stone_andesite_smooth" },
				"south": { "uv": [ 3, 5.5, 3.5, 7.5 ], "texture": "#stone_andesite_smooth" },
				"west": { "uv": [ 10.5, 5.5, 11.5, 7.5 ], "texture": "#stone_andesite_smooth" },
				"east": { "uv": [ 4.500002, 5.5, 5.500002, 7.5 ], "texture": "#stone_andesite_smooth" }
			}
		},
		{
			"__comment": "Box5",
			"from": [ 5.5, 3.625, 8.625 ],
			"to": [ 5.75, 4.375, 9.125 ],
			"faces": {
				"down": { "uv": [ 9.499998, 3, 10.5, 3.5 ], "texture": "#stone_andesite_smooth", "rotation": 270 },
				"up": { "uv": [ 9.499998, 12.5, 10.5, 13 ], "texture": "#stone_andesite_smooth", "rotation": 90 },
				"north": { "uv": [ 12.5, 6, 13, 7.5 ], "texture": "#stone_andesite_smooth" },
				"south": { "uv": [ 3, 6, 3.5, 7.5 ], "texture": "#stone_andesite_smooth" },
				"west": { "uv": [ 9.499998, 6, 10.5, 7.5 ], "texture": "#stone_andesite_smooth" },
				"east": { "uv": [ 5.500002, 6, 6.500002, 7.5 ], "texture": "#stone_andesite_smooth" }
			}
		},
		{
			"__comment": "Box5",
			"from": [ 5.5, 3.625, 8.125 ],
			"to": [ 5.75, 4.125, 8.625 ],
			"faces": {
				"down": { "uv": [ 8.499998, 3, 9.499998, 3.5 ], "texture": "#stone_andesite_smooth", "rotation": 270 },
				"up": { "uv": [ 8.499998, 12.5, 9.499998, 13 ], "texture": "#stone_andesite_smooth", "rotation": 90 },
				"north": { "uv": [ 12.5, 6.5, 13, 7.5 ], "texture": "#stone_andesite_smooth" },
				"south": { "uv": [ 3, 6.5, 3.5, 7.5 ], "texture": "#stone_andesite_smooth" },
				"west": { "uv": [ 8.499998, 6.5, 9.499998, 7.5 ], "texture": "#stone_andesite_smooth" },
				"east": { "uv": [ 6.500002, 6.5, 7.500002, 7.5 ], "texture": "#stone_andesite_smooth" }
			}
		},
		{
			"__comment": "Box5",
			"from": [ 5.5, 3.625, 7.625 ],
			"to": [ 5.75, 3.875, 8.125 ],
			"faces": {
				"down": { "uv": [ 7.499998, 3, 8.499998, 3.5 ], "texture": "#stone_andesite_smooth", "rotation": 270 },
				"up": { "uv": [ 7.499998, 12.5, 8.499998, 13 ], "texture": "#stone_andesite_smooth", "rotation": 90 },
				"north": { "uv": [ 12.5, 7, 13, 7.5 ], "texture": "#stone_andesite_smooth" },
				"south": { "uv": [ 3, 7, 3.5, 7.5 ], "texture": "#stone_andesite_smooth" },
				"west": { "uv": [ 7.499998, 7, 8.499998, 7.5 ], "texture": "#stone_andesite_smooth" },
				"east": { "uv": [ 7.500002, 7, 8.500002, 7.5 ], "texture": "#stone_andesite_smooth" }
			}
		},
		{
			"__comment": "Box5",
			"from": [ 5.5, 3.625, 7.125 ],
			"to": [ 5.75, 4.125, 7.625 ],
			"faces": {
				"down": { "uv": [ 6.499998, 3, 7.499998, 3.5 ], "texture": "#stone_andesite_smooth", "rotation": 270 },
				"up": { "uv": [ 6.499998, 12.5, 7.499998, 13 ], "texture": "#stone_andesite_smooth", "rotation": 90 },
				"north": { "uv": [ 12.5, 6.5, 13, 7.5 ], "texture": "#stone_andesite_smooth" },
				"south": { "uv": [ 3, 6.5, 3.5, 7.5 ], "texture": "#stone_andesite_smooth" },
				"west": { "uv": [ 6.499998, 6.5, 7.499998, 7.5 ], "texture": "#stone_andesite_smooth" },
				"east": { "uv": [ 8.500002, 6.5, 9.500002, 7.5 ], "texture": "#stone_andesite_smooth" }
			}
		},
		{
			"__comment": "Box5",
			"from": [ 5.5, 3.625, 6.625 ],
			"to": [ 5.75, 4.375, 7.125 ],
			"faces": {
				"down": { "uv": [ 5.499998, 3, 6.499998, 3.5 ], "texture": "#stone_andesite_smooth", "rotation": 270 },
				"up": { "uv": [ 5.499998, 12.5, 6.499998, 13 ], "texture": "#stone_andesite_smooth", "rotation": 90 },
				"north": { "uv": [ 12.5, 6, 13, 7.5 ], "texture": "#stone_andesite_smooth" },
				"south": { "uv": [ 3, 6, 3.5, 7.5 ], "texture": "#stone_andesite_smooth" },
				"west": { "uv": [ 5.499998, 6, 6.499998, 7.5 ], "texture": "#stone_andesite_smooth" },
				"east": { "uv": [ 9.500002, 6, 10.5, 7.5 ], "texture": "#stone_andesite_smooth" }
			}
		},
		{
			"__comment": "Box5",
			"from": [ 5.5, 3.625, 6.125 ],
			"to": [ 5.75, 4.625, 6.625 ],
			"faces": {
				"down": { "uv": [ 4.499998, 3, 5.499998, 3.5 ], "texture": "#stone_andesite_smooth", "rotation": 270 },
				"up": { "uv": [ 4.499998, 12.5, 5.499998, 13 ], "texture": "#stone_andesite_smooth", "rotation": 90 },
				"north": { "uv": [ 12.5, 5.5, 13, 7.5 ], "texture": "#stone_andesite_smooth" },
				"south": { "uv": [ 3, 5.5, 3.5, 7.5 ], "texture": "#stone_andesite_smooth" },
				"west": { "uv": [ 4.499998, 5.5, 5.499998, 7.5 ], "texture": "#stone_andesite_smooth" },
				"east": { "uv": [ 10.5, 5.5, 11.5, 7.5 ], "texture": "#stone_andesite_smooth" }
			}
		},
		{
			"__comment": "Box117",
			"from": [ 7.8125, 14.3125, 7.5 ],
			"to": [ 8.3125, 14.8125, 20 ],
			"rotation": { "origin": [ 7.8125, 14.3125, 7.5 ], "axis": "x", "angle": 22.5 },
			"faces": {
				"down": { "uv": [ 0, 16, 16, 0 ], "texture": "#hardened_clay_stained_red" },
				"up": { "uv": [ 0, 0, 16, 16 ], "texture": "#hardened_clay_stained_red" },
				"north": { "uv": [ 16, 0, 0, 0.5 ], "texture": "#hardened_clay_stained_red" },
				"south": { "uv": [ 0, 15.5, 16, 16 ], "texture": "#hardened_clay_stained_red" },
				"west": { "uv": [ 0, 0, 0.5, 16 ], "texture": "#hardened_clay_stained_red", "rotation": 270 },
				"east": { "uv": [ 16, 16, 15.5, 0 ], "texture": "#hardened_clay_stained_red", "rotation": 270 }
			}
		},
		{
			"__comment": "Box118",
			"from": [ 7.9375, 10.5625, 7.75 ],
			"to": [ 8.1875, 11.8125, 8 ],
			"faces": {
				"down": { "uv": [ 0, 0, 16, 16 ], "texture": "#planks_birch" },
				"up": { "uv": [ 0, 0, 16, 16 ], "texture": "#planks_birch" },
				"north": { "uv": [ 0, 0, 16, 16 ], "texture": "#planks_birch", "rotation": 180 },
				"south": { "uv": [ 0, 0, 16, 16 ], "texture": "#planks_birch", "rotation": 180 },
				"west": { "uv": [ 0, 0, 16, 16 ], "texture": "#planks_birch", "rotation": 180 },
				"east": { "uv": [ 0, 0, 16, 16 ], "texture": "#planks_birch", "rotation": 180 }
			}
		},
		{
			"__comment": "Box118",
			"from": [ 7.9375, 11.8125, 7.75 ],
			"to": [ 8.1875, 13.0625, 8 ],
			"faces": {
				"down": { "uv": [ 0, 0, 16, 16 ], "texture": "#planks_birch" },
				"up": { "uv": [ 0, 0, 16, 16 ], "texture": "#planks_birch" },
				"north": { "uv": [ 0, 0, 16, 16 ], "texture": "#planks_birch", "rotation": 180 },
				"south": { "uv": [ 0, 0, 16, 16 ], "texture": "#planks_birch", "rotation": 180 },
				"west": { "uv": [ 0, 0, 16, 16 ], "texture": "#planks_birch", "rotation": 180 },
				"east": { "uv": [ 0, 0, 16, 16 ], "texture": "#planks_birch", "rotation": 180 }
			}
		},
		{
			"__comment": "Box118",
			"from": [ 7.9375, 13.0625, 7.75 ],
			"to": [ 8.1875, 14.3125, 8 ],
			"faces": {
				"down": { "uv": [ 0, 0, 16, 16 ], "texture": "#planks_birch" },
				"up": { "uv": [ 0, 0, 16, 16 ], "texture": "#planks_birch" },
				"north": { "uv": [ 0, 0, 16, 16 ], "texture": "#planks_birch", "rotation": 180 },
				"south": { "uv": [ 0, 0, 16, 16 ], "texture": "#planks_birch", "rotation": 180 },
				"west": { "uv": [ 0, 0, 16, 16 ], "texture": "#planks_birch", "rotation": 180 },
				"east": { "uv": [ 0, 0, 16, 16 ], "texture": "#planks_birch", "rotation": 180 }
			}
		},
		{
			"__comment": "Box5",
			"from": [ 7.5625, 9.4375, 17.875 ],
			"to": [ 8.5625, 10.4375, 18.625 ],
			"rotation": { "origin": [ 8.5625, 9.4375, 18.625 ], "axis": "x", "angle": 22.5 },
			"faces": {
				"down": { "uv": [ 9.000001, 14.5, 7.000001, 13 ], "texture": "#stone" },
				"up": { "uv": [ 6.999999, 13, 8.999999, 14.5 ], "texture": "#stone" },
				"north": { "uv": [ 8.999999, 8.999999, 6.999999, 6.999999 ], "texture": "#stone" },
				"south": { "uv": [ 6.999999, 7.000001, 8.999999, 9.000001 ], "texture": "#stone" },
				"west": { "uv": [ 6.999999, 13, 8.999999, 14.5 ], "texture": "#stone", "rotation": 270 },
				"east": { "uv": [ 7.000001, 13, 9.000001, 14.5 ], "texture": "#stone", "rotation": 90 }
			}
		},
		{
			"__comment": "Box5",
			"from": [ 7.5625, 10.0625, 16.375 ],
			"to": [ 8.5625, 11.0625, 17.125 ],
			"rotation": { "origin": [ 8.5625, 10.0625, 17.125 ], "axis": "x", "angle": 22.5 },
			"faces": {
				"down": { "uv": [ 9.000001, 14.5, 7.000001, 13 ], "texture": "#stone" },
				"up": { "uv": [ 6.999999, 13, 8.999999, 14.5 ], "texture": "#stone" },
				"north": { "uv": [ 8.999999, 8.999999, 6.999999, 6.999999 ], "texture": "#stone" },
				"south": { "uv": [ 6.999999, 7.000001, 8.999999, 9.000001 ], "texture": "#stone" },
				"west": { "uv": [ 6.999999, 13, 8.999999, 14.5 ], "texture": "#stone", "rotation": 270 },
				"east": { "uv": [ 7.000001, 13, 9.000001, 14.5 ], "texture": "#stone", "rotation": 90 }
			}
		}
	],
	"display": {
		"thirdperson_righthand": {
			"rotation":  [ 70, 0, 0 ],
			"translation":  [ 0, 5, -5 ]
		},
		"thirdperson_lefthand": {
			"rotation":  [ 70, 0, 0 ],
			"translation":  [ 0, 5, -5 ]
		},
		"firstperson_righthand": {
			"translation":  [ 13, -3, -26 ],
			"scale":  [ 2, 2, 2 ]
		},
		"firstperson_lefthand": {
			"translation":  [ 13, -3, -26 ],
			"scale":  [ 2, 2, 2 ]
		},
		"gui": {
			"rotation":  [ -52, 69, 26 ],
			"translation":  [ -3, 0, 0 ]
		},
		"head": {
			"translation":  [ 0, 4, -17 ],
			"scale":  [ 0.5, 0.5, 0.5 ]
		},
		"ground": {
			"translation":  [ 0, 13, 0 ]
		},
		"fixed": {
			"translation":  [ 0, -12, -43 ],
			"scale":  [ 4, 4, 4 ]
		}
	}
}