{
	"credit": "Created by Ludens",
	"texture_size": [128, 128],
	"ambientocclusion": false,
	"textures": {
		"1": "item/customtex/skana_128",
		"particle": "item/customtex/skana_128"
	},
	"elements": [
		{
			"from": [7.75, 1.875, 7.75],
			"to": [8.375, 2.875, 7.875],
			"faces": {
				"north": {"uv": [2.5, 15, 1.875, 16], "texture": "#1"},
				"east": {"uv": [12, 15, 11.875, 16], "texture": "#1"},
				"south": {"uv": [2.5, 15, 3.125, 16], "texture": "#1"},
				"west": {"uv": [11.75, 15, 11.875, 16], "texture": "#1"},
				"up": {"uv": [7.625, 15, 8.25, 14.875], "texture": "#1"},
				"down": {"uv": [7.625, 14.125, 8.25, 14.25], "texture": "#1"}
			}
		},
		{
			"from": [7.75, 2, 7.875],
			"to": [8.375, 2.875, 8],
			"faces": {
				"north": {"uv": [0, 0, 0, 0], "texture": "#1"},
				"east": {"uv": [14.25, 15.125, 14.125, 16], "texture": "#1"},
				"south": {"uv": [3.75, 15.125, 4.375, 16], "texture": "#1"},
				"west": {"uv": [14, 15.125, 14.125, 16], "texture": "#1"},
				"up": {"uv": [3.125, 15.125, 3.75, 15], "texture": "#1"},
				"down": {"uv": [7, 14.75, 7.625, 14.875], "texture": "#1"}
			}
		},
		{
			"from": [7.75, 2.875, 8],
			"to": [8.375, 3.75, 8.125],
			"faces": {
				"north": {"uv": [5, 15.125, 4.375, 16], "texture": "#1"},
				"east": {"uv": [14.75, 15.125, 14.625, 16], "texture": "#1"},
				"south": {"uv": [5, 15.125, 5.625, 16], "texture": "#1"},
				"west": {"uv": [14.5, 15.125, 14.625, 16], "texture": "#1"},
				"up": {"uv": [4.375, 15.125, 5, 15], "texture": "#1"},
				"down": {"uv": [3.75, 15, 4.375, 15.125], "texture": "#1"}
			}
		},
		{
			"from": [7.75, 3.375, 8.125],
			"to": [8.375, 4.125, 8.25],
			"faces": {
				"north": {"uv": [6.25, 15.25, 5.625, 16], "texture": "#1"},
				"east": {"uv": [1.25, 0, 1.125, 0.75], "texture": "#1"},
				"south": {"uv": [6.25, 15.25, 6.875, 16], "texture": "#1"},
				"west": {"uv": [5.125, 14, 5.25, 14.75], "texture": "#1"},
				"up": {"uv": [7, 15, 7.625, 14.875], "texture": "#1"},
				"down": {"uv": [5, 15, 5.625, 15.125], "texture": "#1"}
			}
		},
		{
			"from": [7.875, 0.125, 7.875],
			"to": [8.25, 0.875, 8],
			"faces": {
				"north": {"uv": [0.75, 0, 0.375, 0.75], "texture": "#1"},
				"east": {"uv": [6.375, 14.25, 6.25, 15], "texture": "#1"},
				"south": {"uv": [0, 0, 0.375, 0.75], "texture": "#1"},
				"west": {"uv": [6.375, 14.25, 6.5, 15], "texture": "#1"},
				"up": {"uv": [10.625, 15.125, 11, 15], "texture": "#1"},
				"down": {"uv": [8, 15, 8.375, 15.125], "texture": "#1"}
			}
		},
		{
			"from": [7.875, 0.25, 7.75],
			"to": [8.25, 0.875, 7.875],
			"faces": {
				"north": {"uv": [10.25, 15.375, 9.875, 16], "texture": "#1"},
				"east": {"uv": [7.5, 14.125, 7.375, 14.75], "texture": "#1"},
				"south": {"uv": [0, 0, 0, 0], "texture": "#1"},
				"west": {"uv": [7.5, 14.125, 7.625, 14.75], "texture": "#1"},
				"up": {"uv": [8.625, 15, 9, 14.875], "texture": "#1"},
				"down": {"uv": [7.125, 13.75, 7.5, 13.875], "texture": "#1"}
			}
		},
		{
			"from": [7.875, 0.5, 7.625],
			"to": [8.25, 0.875, 7.75],
			"faces": {
				"north": {"uv": [9.5, 15, 9.125, 15.375], "texture": "#1"},
				"east": {"uv": [8.875, 14.25, 8.75, 14.625], "texture": "#1"},
				"south": {"uv": [0, 0, 0, 0], "texture": "#1"},
				"west": {"uv": [8.625, 14.25, 8.75, 14.625], "texture": "#1"},
				"up": {"uv": [8.625, 14.75, 9, 14.625], "texture": "#1"},
				"down": {"uv": [8.625, 14.75, 9, 14.875], "texture": "#1"}
			}
		},
		{
			"from": [7.875, 1.75, 7.625],
			"to": [8.25, 3, 7.75],
			"faces": {
				"north": {"uv": [2.25, 13.75, 1.875, 15], "texture": "#1"},
				"east": {"uv": [3.125, 13.75, 3, 15], "texture": "#1"},
				"south": {"uv": [2.25, 13.75, 2.625, 15], "texture": "#1"},
				"west": {"uv": [2.75, 13.75, 2.875, 15], "texture": "#1"},
				"up": {"uv": [8.625, 14.125, 9, 14], "texture": "#1"},
				"down": {"uv": [8.625, 14.125, 9, 14.25], "texture": "#1"}
			}
		},
		{
			"from": [7.875, 1.75, 7.75],
			"to": [8.25, 1.875, 8],
			"faces": {
				"north": {"uv": [0, 0, 0, 0], "texture": "#1"},
				"east": {"uv": [8.25, 14.25, 8, 14.375], "texture": "#1"},
				"south": {"uv": [7.625, 15, 8, 15.125], "texture": "#1"},
				"west": {"uv": [10.25, 14.5, 10.5, 14.625], "texture": "#1"},
				"up": {"uv": [8.375, 15.25, 8.75, 15], "texture": "#1"},
				"down": {"uv": [5.375, 13.75, 5.75, 14], "texture": "#1"}
			}
		},
		{
			"from": [7.875, 1.875, 7.875],
			"to": [8.25, 2, 8],
			"faces": {
				"north": {"uv": [0, 0, 0, 0], "texture": "#1"},
				"east": {"uv": [14.125, 15, 14, 15.125], "texture": "#1"},
				"south": {"uv": [9, 14.625, 9.375, 14.75], "texture": "#1"},
				"west": {"uv": [14.375, 15, 14.5, 15.125], "texture": "#1"},
				"up": {"uv": [0, 0, 0, 0], "texture": "#1"},
				"down": {"uv": [0, 0, 0, 0], "texture": "#1"}
			}
		},
		{
			"from": [7.875, 2.125, 8],
			"to": [8.25, 2.875, 8.125],
			"faces": {
				"north": {"uv": [0, 0, 0, 0], "texture": "#1"},
				"east": {"uv": [16, 15.25, 15.875, 16], "texture": "#1"},
				"south": {"uv": [8.375, 15.25, 8.75, 16], "texture": "#1"},
				"west": {"uv": [6, 14.25, 6.125, 15], "texture": "#1"},
				"up": {"uv": [0, 0, 0, 0], "texture": "#1"},
				"down": {"uv": [9, 14.5, 9.375, 14.625], "texture": "#1"}
			}
		},
		{
			"from": [7.875, 2.5, 7.5],
			"to": [8.25, 3.125, 7.625],
			"faces": {
				"north": {"uv": [1.125, 0, 0.75, 0.625], "texture": "#1"},
				"east": {"uv": [7.75, 14.25, 7.625, 14.875], "texture": "#1"},
				"south": {"uv": [9.125, 15.375, 9.5, 16], "texture": "#1"},
				"west": {"uv": [7.25, 14.125, 7.375, 14.75], "texture": "#1"},
				"up": {"uv": [9, 14.25, 9.375, 14.125], "texture": "#1"},
				"down": {"uv": [9, 14.25, 9.375, 14.375], "texture": "#1"}
			}
		},
		{
			"from": [7.875, 2.625, 8.125],
			"to": [8.25, 2.75, 8.25],
			"faces": {
				"north": {"uv": [0, 0, 0, 0], "texture": "#1"},
				"east": {"uv": [13.875, 15, 13.75, 15.125], "texture": "#1"},
				"south": {"uv": [9.375, 14.875, 9.75, 15], "texture": "#1"},
				"west": {"uv": [13.875, 15, 14, 15.125], "texture": "#1"},
				"up": {"uv": [9, 14, 9.375, 13.875], "texture": "#1"},
				"down": {"uv": [9, 14, 9.375, 14.125], "texture": "#1"}
			}
		},
		{
			"from": [7.875, 2.875, 7.375],
			"to": [8.25, 3.125, 7.5],
			"faces": {
				"north": {"uv": [5.75, 14.75, 5.375, 15], "texture": "#1"},
				"east": {"uv": [11, 14.375, 10.875, 14.625], "texture": "#1"},
				"south": {"uv": [0, 0, 0, 0], "texture": "#1"},
				"west": {"uv": [10.875, 13.875, 11, 14.125], "texture": "#1"},
				"up": {"uv": [9.375, 14.75, 9.75, 14.625], "texture": "#1"},
				"down": {"uv": [9.375, 14.75, 9.75, 14.875], "texture": "#1"}
			}
		},
		{
			"from": [7.875, 2.875, 7.875],
			"to": [8.25, 3, 8],
			"faces": {
				"north": {"uv": [9.75, 14.25, 9.375, 14.375], "texture": "#1"},
				"east": {"uv": [12.5, 14.875, 12.375, 15], "texture": "#1"},
				"south": {"uv": [0, 0, 0, 0], "texture": "#1"},
				"west": {"uv": [12.375, 14.5, 12.5, 14.625], "texture": "#1"},
				"up": {"uv": [9.375, 14.5, 9.75, 14.375], "texture": "#1"},
				"down": {"uv": [0, 0, 0, 0], "texture": "#1"}
			}
		},
		{
			"from": [7.875, 3, 7.25],
			"to": [8.25, 3.125, 7.375],
			"faces": {
				"north": {"uv": [9.75, 13.75, 9.375, 13.875], "texture": "#1"},
				"east": {"uv": [12.375, 14.625, 12.25, 14.75], "texture": "#1"},
				"south": {"uv": [0, 0, 0, 0], "texture": "#1"},
				"west": {"uv": [12.25, 13.75, 12.375, 13.875], "texture": "#1"},
				"up": {"uv": [9.375, 14, 9.75, 13.875], "texture": "#1"},
				"down": {"uv": [9.375, 14, 9.75, 14.125], "texture": "#1"}
			}
		},
		{
			"from": [7.875, 3.125, 7.625],
			"to": [8.25, 3.375, 7.75],
			"faces": {
				"north": {"uv": [9.125, 15, 8.75, 15.25], "texture": "#1"},
				"east": {"uv": [11, 14.125, 10.875, 14.375], "texture": "#1"},
				"south": {"uv": [15.625, 15, 16, 15.25], "texture": "#1"},
				"west": {"uv": [11, 14.125, 11.125, 14.375], "texture": "#1"},
				"up": {"uv": [9.75, 14.75, 10.125, 14.625], "texture": "#1"},
				"down": {"uv": [9.75, 14.75, 10.125, 14.875], "texture": "#1"}
			}
		},
		{
			"from": [7.875, 3.125, 7.875],
			"to": [8.25, 13, 8],
			"faces": {
				"north": {"uv": [0.75, 6.125, 0.375, 16], "texture": "#1"},
				"east": {"uv": [1.375, 6.125, 1.25, 16], "texture": "#1"},
				"south": {"uv": [0, 6.125, 0.375, 16], "texture": "#1"},
				"west": {"uv": [1.125, 6.125, 1.25, 16], "texture": "#1"},
				"up": {"uv": [9.75, 14.5, 10.125, 14.375], "texture": "#1"},
				"down": {"uv": [9.75, 14.5, 10.125, 14.625], "texture": "#1"}
			}
		},
		{
			"from": [7.875, 3.125, 8.125],
			"to": [8.25, 3.375, 8.25],
			"faces": {
				"north": {"uv": [0, 0, 0, 0], "texture": "#1"},
				"east": {"uv": [11.5, 14, 11.375, 14.25], "texture": "#1"},
				"south": {"uv": [5, 14.75, 5.375, 15], "texture": "#1"},
				"west": {"uv": [11.125, 14.375, 11.25, 14.625], "texture": "#1"},
				"up": {"uv": [0, 0, 0, 0], "texture": "#1"},
				"down": {"uv": [9.75, 14.25, 10.125, 14.375], "texture": "#1"}
			}
		},
		{
			"from": [7.875, 3.25, 7.75],
			"to": [8.25, 3.875, 7.875],
			"faces": {
				"north": {"uv": [10.625, 15.375, 10.25, 16], "texture": "#1"},
				"east": {"uv": [7.125, 14.125, 7, 14.75], "texture": "#1"},
				"south": {"uv": [0, 0, 0, 0], "texture": "#1"},
				"west": {"uv": [7.125, 14.125, 7.25, 14.75], "texture": "#1"},
				"up": {"uv": [9.75, 14, 10.125, 13.875], "texture": "#1"},
				"down": {"uv": [9.75, 14, 10.125, 14.125], "texture": "#1"}
			}
		},
		{
			"from": [7.875, 3.5, 8.25],
			"to": [8.25, 3.875, 8.375],
			"faces": {
				"north": {"uv": [0, 0, 0, 0], "texture": "#1"},
				"east": {"uv": [10.25, 14.5, 10.125, 14.875], "texture": "#1"},
				"south": {"uv": [9.875, 15, 10.25, 15.375], "texture": "#1"},
				"west": {"uv": [8.875, 14.25, 9, 14.625], "texture": "#1"},
				"up": {"uv": [10.125, 15, 10.5, 14.875], "texture": "#1"},
				"down": {"uv": [9.75, 13.75, 10.125, 13.875], "texture": "#1"}
			}
		},
		{
			"from": [7.875, 3.75, 8],
			"to": [8.25, 9.125, 8.125],
			"faces": {
				"north": {"uv": [0, 0, 0, 0], "texture": "#1"},
				"east": {"uv": [1.25, 0.75, 1.125, 6.125], "texture": "#1"},
				"south": {"uv": [0.375, 0.75, 0.75, 6.125], "texture": "#1"},
				"west": {"uv": [1.25, 0.75, 1.375, 6.125], "texture": "#1"},
				"up": {"uv": [10.125, 14.375, 10.5, 14.25], "texture": "#1"},
				"down": {"uv": [0, 0, 0, 0], "texture": "#1"}
			}
		},
		{
			"from": [7.875, 4.125, 8.125],
			"to": [8.25, 4.375, 8.25],
			"faces": {
				"north": {"uv": [0, 0, 0, 0], "texture": "#1"},
				"east": {"uv": [11.5, 14.5, 11.375, 14.75], "texture": "#1"},
				"south": {"uv": [6.25, 15, 6.625, 15.25], "texture": "#1"},
				"west": {"uv": [11.375, 14.25, 11.5, 14.5], "texture": "#1"},
				"up": {"uv": [10.125, 14.125, 10.5, 14], "texture": "#1"},
				"down": {"uv": [0, 0, 0, 0], "texture": "#1"}
			}
		},
		{
			"from": [7.875, 5.125, 7.75],
			"to": [8.25, 12.125, 7.875],
			"faces": {
				"north": {"uv": [1.125, 2, 0.75, 9], "texture": "#1"},
				"east": {"uv": [1.875, 9, 1.75, 16], "texture": "#1"},
				"south": {"uv": [0, 0, 0, 0], "texture": "#1"},
				"west": {"uv": [1.75, 2, 1.875, 9], "texture": "#1"},
				"up": {"uv": [10.125, 13.875, 10.5, 13.75], "texture": "#1"},
				"down": {"uv": [10.125, 13.875, 10.5, 14], "texture": "#1"}
			}
		},
		{
			"from": [7.875, 5.625, 8.125],
			"to": [8.25, 6.125, 8.25],
			"faces": {
				"north": {"uv": [0, 0, 0, 0], "texture": "#1"},
				"east": {"uv": [6.5, 13.75, 6.375, 14.25], "texture": "#1"},
				"south": {"uv": [11, 15, 11.375, 15.5], "texture": "#1"},
				"west": {"uv": [8.5, 14, 8.625, 14.5], "texture": "#1"},
				"up": {"uv": [10.5, 14.875, 10.875, 14.75], "texture": "#1"},
				"down": {"uv": [10.5, 14.875, 10.875, 15], "texture": "#1"}
			}
		},
		{
			"from": [7.875, 6.875, 8.125],
			"to": [8.25, 7.875, 8.25],
			"faces": {
				"north": {"uv": [0, 0, 0, 0], "texture": "#1"},
				"east": {"uv": [13.75, 15, 13.625, 16], "texture": "#1"},
				"south": {"uv": [7.25, 15, 7.625, 16], "texture": "#1"},
				"west": {"uv": [13.5, 15, 13.625, 16], "texture": "#1"},
				"up": {"uv": [10.5, 14.625, 10.875, 14.5], "texture": "#1"},
				"down": {"uv": [10.5, 14.625, 10.875, 14.75], "texture": "#1"}
			}
		},
		{
			"from": [7.875, 8, 7.625],
			"to": [8.25, 10.375, 7.75],
			"faces": {
				"north": {"uv": [1.75, 5.75, 1.375, 8.125], "texture": "#1"},
				"east": {"uv": [2.25, 8.75, 2.125, 11.125], "texture": "#1"},
				"south": {"uv": [0, 0, 0, 0], "texture": "#1"},
				"west": {"uv": [2.125, 6.375, 2.25, 8.75], "texture": "#1"},
				"up": {"uv": [10.5, 14.375, 10.875, 14.25], "texture": "#1"},
				"down": {"uv": [10.5, 14.375, 10.875, 14.5], "texture": "#1"}
			}
		},
		{
			"from": [7.875, 10.875, 8],
			"to": [8.25, 13.625, 8.125],
			"faces": {
				"north": {"uv": [1.75, 13.25, 1.375, 16], "texture": "#1"},
				"east": {"uv": [2.125, 11, 2, 13.75], "texture": "#1"},
				"south": {"uv": [1.375, 10.5, 1.75, 13.25], "texture": "#1"},
				"west": {"uv": [2, 8.25, 2.125, 11], "texture": "#1"},
				"up": {"uv": [10.5, 14.125, 10.875, 14], "texture": "#1"},
				"down": {"uv": [10.5, 14.125, 10.875, 14.25], "texture": "#1"}
			}
		},
		{
			"from": [7.875, 12, 8.125],
			"to": [8.25, 14.125, 8.25],
			"faces": {
				"north": {"uv": [1.75, 3.625, 1.375, 5.75], "texture": "#1"},
				"east": {"uv": [2.25, 0, 2.125, 2.125], "texture": "#1"},
				"south": {"uv": [1.375, 1.5, 1.75, 3.625], "texture": "#1"},
				"west": {"uv": [2.125, 2.125, 2.25, 4.25], "texture": "#1"},
				"up": {"uv": [10.5, 13.875, 10.875, 13.75], "texture": "#1"},
				"down": {"uv": [10.5, 13.875, 10.875, 14], "texture": "#1"}
			}
		},
		{
			"from": [7.875, 12.875, 8.25],
			"to": [8.25, 14.25, 8.375],
			"faces": {
				"north": {"uv": [1.75, 0.125, 1.375, 1.5], "texture": "#1"},
				"east": {"uv": [2.625, 9.375, 2.5, 10.75], "texture": "#1"},
				"south": {"uv": [0.75, 0.625, 1.125, 2], "texture": "#1"},
				"west": {"uv": [2.5, 8, 2.625, 9.375], "texture": "#1"},
				"up": {"uv": [10.875, 14.875, 11.25, 14.75], "texture": "#1"},
				"down": {"uv": [10.875, 14.875, 11.25, 15], "texture": "#1"}
			}
		},
		{
			"from": [7.875, 13.875, 8.375],
			"to": [8.25, 14.375, 8.5],
			"faces": {
				"north": {"uv": [11.75, 15.5, 11.375, 16], "texture": "#1"},
				"east": {"uv": [8.625, 14.5, 8.5, 15], "texture": "#1"},
				"south": {"uv": [11, 15.5, 11.375, 16], "texture": "#1"},
				"west": {"uv": [8.25, 14.5, 8.375, 15], "texture": "#1"},
				"up": {"uv": [1.375, 0.125, 1.75, 0], "texture": "#1"},
				"down": {"uv": [10.875, 14.625, 11.25, 14.75], "texture": "#1"}
			}
		},
		{
			"from": [8, 0, 7.875],
			"to": [8.125, 0.125, 8.125],
			"faces": {
				"north": {"uv": [12.125, 14.25, 12, 14.375], "texture": "#1"},
				"east": {"uv": [11.25, 14, 11, 14.125], "texture": "#1"},
				"south": {"uv": [12, 14.375, 12.125, 14.5], "texture": "#1"},
				"west": {"uv": [11, 13.875, 11.25, 14], "texture": "#1"},
				"up": {"uv": [11.25, 15, 11.375, 14.75], "texture": "#1"},
				"down": {"uv": [11.375, 14.75, 11.5, 15], "texture": "#1", "cullface": "down"}
			}
		},
		{
			"from": [8, 0.125, 7.75],
			"to": [8.125, 0.25, 7.875],
			"faces": {
				"north": {"uv": [11.875, 14.875, 11.75, 15], "texture": "#1"},
				"east": {"uv": [11.25, 13.75, 11.125, 13.875], "texture": "#1"},
				"south": {"uv": [0, 0, 0, 0], "texture": "#1"},
				"west": {"uv": [11.375, 13.875, 11.5, 14], "texture": "#1"},
				"up": {"uv": [0, 0, 0, 0], "texture": "#1"},
				"down": {"uv": [11.75, 14, 11.875, 14.125], "texture": "#1"}
			}
		},
		{
			"from": [8, 0.125, 8],
			"to": [8.125, 1, 8.125],
			"faces": {
				"north": {"uv": [15, 15.125, 14.875, 16], "texture": "#1"},
				"east": {"uv": [13.875, 15.125, 13.75, 16], "texture": "#1"},
				"south": {"uv": [13.875, 15.125, 14, 16], "texture": "#1"},
				"west": {"uv": [14.75, 15.125, 14.875, 16], "texture": "#1"},
				"up": {"uv": [15.125, 15.125, 15.25, 15], "texture": "#1"},
				"down": {"uv": [0, 0, 0, 0], "texture": "#1"}
			}
		},
		{
			"from": [8, 0.375, 7.625],
			"to": [8.125, 0.5, 7.75],
			"faces": {
				"north": {"uv": [4.5, 13.75, 4.375, 13.875], "texture": "#1"},
				"east": {"uv": [4.375, 13.75, 4.25, 13.875], "texture": "#1"},
				"south": {"uv": [0, 0, 0, 0], "texture": "#1"},
				"west": {"uv": [3.875, 13.75, 4, 13.875], "texture": "#1"},
				"up": {"uv": [0, 0, 0, 0], "texture": "#1"},
				"down": {"uv": [14.5, 15, 14.625, 15.125], "texture": "#1"}
			}
		},
		{
			"from": [8, 0.875, 7.625],
			"to": [8.125, 1.75, 8],
			"faces": {
				"north": {"uv": [14.5, 15.125, 14.375, 16], "texture": "#1"},
				"east": {"uv": [8.375, 15.125, 8, 16], "texture": "#1"},
				"south": {"uv": [14.25, 15.125, 14.375, 16], "texture": "#1"},
				"west": {"uv": [7.625, 15.125, 8, 16], "texture": "#1"},
				"up": {"uv": [7.625, 14.125, 7.75, 13.75], "texture": "#1"},
				"down": {"uv": [7, 13.75, 7.125, 14.125], "texture": "#1"}
			}
		},
		{
			"from": [8, 1.75, 8],
			"to": [8.125, 2.125, 8.125],
			"faces": {
				"north": {"uv": [7.875, 13.75, 7.75, 14.125], "texture": "#1"},
				"east": {"uv": [8.25, 13.75, 8.125, 14.125], "texture": "#1"},
				"south": {"uv": [7.875, 13.75, 8, 14.125], "texture": "#1"},
				"west": {"uv": [8, 13.75, 8.125, 14.125], "texture": "#1"},
				"up": {"uv": [0, 0, 0, 0], "texture": "#1"},
				"down": {"uv": [15.25, 15, 15.375, 15.125], "texture": "#1"}
			}
		},
		{
			"from": [8, 2, 7.5],
			"to": [8.125, 2.5, 7.625],
			"faces": {
				"north": {"uv": [8.375, 14, 8.25, 14.5], "texture": "#1"},
				"east": {"uv": [6.625, 13.75, 6.5, 14.25], "texture": "#1"},
				"south": {"uv": [0, 0, 0, 0], "texture": "#1"},
				"west": {"uv": [8.375, 14.5, 8.5, 15], "texture": "#1"},
				"up": {"uv": [0, 0, 0, 0], "texture": "#1"},
				"down": {"uv": [4.625, 13.75, 4.75, 13.875], "texture": "#1"}
			}
		},
		{
			"from": [8, 2.5, 8.125],
			"to": [8.125, 2.625, 8.25],
			"faces": {
				"north": {"uv": [0, 0, 0, 0], "texture": "#1"},
				"east": {"uv": [11.625, 13.75, 11.5, 13.875], "texture": "#1"},
				"south": {"uv": [11.5, 14, 11.625, 14.125], "texture": "#1"},
				"west": {"uv": [11.5, 13.875, 11.625, 14], "texture": "#1"},
				"up": {"uv": [0, 0, 0, 0], "texture": "#1"},
				"down": {"uv": [11.5, 14.625, 11.625, 14.75], "texture": "#1"}
			}
		},
		{
			"from": [8, 2.625, 8.25],
			"to": [8.125, 2.75, 8.375],
			"faces": {
				"north": {"uv": [0, 0, 0, 0], "texture": "#1"},
				"east": {"uv": [11.75, 13.75, 11.625, 13.875], "texture": "#1"},
				"south": {"uv": [11.625, 14.25, 11.75, 14.375], "texture": "#1"},
				"west": {"uv": [11.625, 14.125, 11.75, 14.25], "texture": "#1"},
				"up": {"uv": [11.625, 14.625, 11.75, 14.5], "texture": "#1"},
				"down": {"uv": [11.625, 14.875, 11.75, 15], "texture": "#1"}
			}
		},
		{
			"from": [8, 3.125, 7.125],
			"to": [8.125, 3.25, 7.625],
			"faces": {
				"north": {"uv": [11.875, 14.625, 11.75, 14.75], "texture": "#1"},
				"east": {"uv": [7.625, 13.875, 7.125, 14], "texture": "#1"},
				"south": {"uv": [0, 0, 0, 0], "texture": "#1"},
				"west": {"uv": [7.125, 14, 7.625, 14.125], "texture": "#1"},
				"up": {"uv": [8.125, 14.875, 8.25, 14.375], "texture": "#1"},
				"down": {"uv": [8, 14.375, 8.125, 14.875], "texture": "#1"}
			}
		},
		{
			"from": [8, 3.25, 7.5],
			"to": [8.125, 3.375, 7.625],
			"faces": {
				"north": {"uv": [12, 14.5, 11.875, 14.625], "texture": "#1"},
				"east": {"uv": [12, 13.875, 11.875, 14], "texture": "#1"},
				"south": {"uv": [0, 0, 0, 0], "texture": "#1"},
				"west": {"uv": [11.875, 14, 12, 14.125], "texture": "#1"},
				"up": {"uv": [11.875, 14.75, 12, 14.625], "texture": "#1"},
				"down": {"uv": [0, 0, 0, 0], "texture": "#1"}
			}
		},
		{
			"from": [8, 3.375, 7.625],
			"to": [8.125, 4, 7.75],
			"faces": {
				"north": {"uv": [7, 13.75, 6.875, 14.375], "texture": "#1"},
				"east": {"uv": [7, 14.375, 6.875, 15], "texture": "#1"},
				"south": {"uv": [7.875, 14.25, 8, 14.875], "texture": "#1"},
				"west": {"uv": [7.75, 14.25, 7.875, 14.875], "texture": "#1"},
				"up": {"uv": [12, 15, 12.125, 14.875], "texture": "#1"},
				"down": {"uv": [0, 0, 0, 0], "texture": "#1"}
			}
		},
		{
			"from": [8, 3.375, 8.25],
			"to": [8.125, 3.5, 8.375],
			"faces": {
				"north": {"uv": [0, 0, 0, 0], "texture": "#1"},
				"east": {"uv": [12.25, 14.125, 12.125, 14.25], "texture": "#1"},
				"south": {"uv": [12.125, 14.625, 12.25, 14.75], "texture": "#1"},
				"west": {"uv": [12.125, 14.25, 12.25, 14.375], "texture": "#1"},
				"up": {"uv": [0, 0, 0, 0], "texture": "#1"},
				"down": {"uv": [12, 13.75, 12.125, 13.875], "texture": "#1"}
			}
		},
		{
			"from": [8, 3.625, 8.375],
			"to": [8.125, 3.875, 8.5],
			"faces": {
				"north": {"uv": [0, 0, 0, 0], "texture": "#1"},
				"east": {"uv": [11.375, 13.75, 11.25, 14], "texture": "#1"},
				"south": {"uv": [11.25, 14.25, 11.375, 14.5], "texture": "#1"},
				"west": {"uv": [11.25, 14, 11.375, 14.25], "texture": "#1"},
				"up": {"uv": [12.125, 14, 12.25, 13.875], "texture": "#1"},
				"down": {"uv": [12.125, 14, 12.25, 14.125], "texture": "#1"}
			}
		},
		{
			"from": [8, 3.875, 7.75],
			"to": [8.125, 5.125, 7.875],
			"faces": {
				"north": {"uv": [3.625, 13.75, 3.5, 15], "texture": "#1"},
				"east": {"uv": [3.75, 13.75, 3.625, 15], "texture": "#1"},
				"south": {"uv": [0, 0, 0, 0], "texture": "#1"},
				"west": {"uv": [3.375, 13.75, 3.5, 15], "texture": "#1"},
				"up": {"uv": [0, 0, 0, 0], "texture": "#1"},
				"down": {"uv": [0, 0, 0, 0], "texture": "#1"}
			}
		},
		{
			"from": [8, 3.875, 8.25],
			"to": [8.125, 4.125, 8.375],
			"faces": {
				"north": {"uv": [0, 0, 0, 0], "texture": "#1"},
				"east": {"uv": [6.875, 15, 6.75, 15.25], "texture": "#1"},
				"south": {"uv": [6.125, 15, 6.25, 15.25], "texture": "#1"},
				"west": {"uv": [6.625, 15, 6.75, 15.25], "texture": "#1"},
				"up": {"uv": [12.375, 14.25, 12.5, 14.125], "texture": "#1"},
				"down": {"uv": [0, 0, 0, 0], "texture": "#1"}
			}
		},
		{
			"from": [8, 4.375, 8.125],
			"to": [8.125, 4.625, 8.25],
			"faces": {
				"north": {"uv": [0, 0, 0, 0], "texture": "#1"},
				"east": {"uv": [10.5, 14.625, 10.375, 14.875], "texture": "#1"},
				"south": {"uv": [8.5, 13.75, 8.625, 14], "texture": "#1"},
				"west": {"uv": [10.25, 14.625, 10.375, 14.875], "texture": "#1"},
				"up": {"uv": [12, 14.625, 12.125, 14.5], "texture": "#1"},
				"down": {"uv": [0, 0, 0, 0], "texture": "#1"}
			}
		},
		{
			"from": [8, 5, 7.625],
			"to": [8.125, 8, 7.75],
			"faces": {
				"north": {"uv": [2, 7.75, 1.875, 10.75], "texture": "#1"},
				"east": {"uv": [2, 4.75, 1.875, 7.75], "texture": "#1"},
				"south": {"uv": [1.875, 10.75, 2, 13.75], "texture": "#1"},
				"west": {"uv": [1.875, 1.75, 2, 4.75], "texture": "#1"},
				"up": {"uv": [0, 0, 0, 0], "texture": "#1"},
				"down": {"uv": [12, 14.125, 12.125, 14.25], "texture": "#1"}
			}
		},
		{
			"from": [8, 5.125, 8.125],
			"to": [8.125, 5.625, 8.25],
			"faces": {
				"north": {"uv": [0, 0, 0, 0], "texture": "#1"},
				"east": {"uv": [6.75, 13.75, 6.625, 14.25], "texture": "#1"},
				"south": {"uv": [6.125, 13.75, 6.25, 14.25], "texture": "#1"},
				"west": {"uv": [8.375, 14, 8.5, 14.5], "texture": "#1"},
				"up": {"uv": [0, 0, 0, 0], "texture": "#1"},
				"down": {"uv": [12.25, 14.5, 12.375, 14.625], "texture": "#1"}
			}
		},
		{
			"from": [8, 5.875, 8.25],
			"to": [8.125, 7.375, 8.375],
			"faces": {
				"north": {"uv": [2.625, 12.25, 2.5, 13.75], "texture": "#1"},
				"east": {"uv": [2.5, 8.75, 2.375, 10.25], "texture": "#1"},
				"south": {"uv": [2.375, 7.25, 2.5, 8.75], "texture": "#1"},
				"west": {"uv": [2.375, 5.75, 2.5, 7.25], "texture": "#1"},
				"up": {"uv": [1.75, 0.125, 1.875, 0], "texture": "#1"},
				"down": {"uv": [12.375, 14.375, 12.5, 14.5], "texture": "#1"}
			}
		},
		{
			"from": [8, 6.125, 8.125],
			"to": [8.125, 6.875, 8.25],
			"faces": {
				"north": {"uv": [0, 0, 0, 0], "texture": "#1"},
				"east": {"uv": [15.875, 15.25, 15.75, 16], "texture": "#1"},
				"south": {"uv": [0, 0, 0, 0], "texture": "#1"},
				"west": {"uv": [4.875, 14.25, 5, 15], "texture": "#1"},
				"up": {"uv": [0, 0, 0, 0], "texture": "#1"},
				"down": {"uv": [0, 0, 0, 0], "texture": "#1"}
			}
		},
		{
			"from": [8, 6.125, 8.375],
			"to": [8.125, 6.375, 8.5],
			"faces": {
				"north": {"uv": [0, 0, 0, 0], "texture": "#1"},
				"east": {"uv": [11.125, 14.375, 11, 14.625], "texture": "#1"},
				"south": {"uv": [15.5, 15, 15.625, 15.25], "texture": "#1"},
				"west": {"uv": [8.25, 13.75, 8.375, 14], "texture": "#1"},
				"up": {"uv": [14.75, 15.125, 14.875, 15], "texture": "#1"},
				"down": {"uv": [14.625, 15, 14.75, 15.125], "texture": "#1"}
			}
		},
		{
			"from": [8, 7.875, 7.5],
			"to": [8.125, 10.5, 7.625],
			"faces": {
				"north": {"uv": [2.125, 0.375, 2, 3], "texture": "#1"},
				"east": {"uv": [2.25, 11.125, 2.125, 13.75], "texture": "#1"},
				"south": {"uv": [2, 5.625, 2.125, 8.25], "texture": "#1"},
				"west": {"uv": [2, 3, 2.125, 5.625], "texture": "#1"},
				"up": {"uv": [15, 15.125, 15.125, 15], "texture": "#1"},
				"down": {"uv": [14.875, 15, 15, 15.125], "texture": "#1"}
			}
		},
		{
			"from": [8, 7.875, 8.125],
			"to": [8.125, 8.875, 8.25],
			"faces": {
				"north": {"uv": [0, 0, 0, 0], "texture": "#1"},
				"east": {"uv": [12.5, 15, 12.375, 16], "texture": "#1"},
				"south": {"uv": [12.125, 15, 12.25, 16], "texture": "#1"},
				"west": {"uv": [12.25, 15, 12.375, 16], "texture": "#1"},
				"up": {"uv": [4.125, 13.875, 4.25, 13.75], "texture": "#1"},
				"down": {"uv": [0, 0, 0, 0], "texture": "#1"}
			}
		},
		{
			"from": [8, 9.125, 8],
			"to": [8.125, 10.875, 8.125],
			"faces": {
				"north": {"uv": [0, 0, 0, 0], "texture": "#1"},
				"east": {"uv": [2, 0, 1.875, 1.75], "texture": "#1"},
				"south": {"uv": [2.375, 12, 2.5, 13.75], "texture": "#1"},
				"west": {"uv": [2.25, 0, 2.375, 1.75], "texture": "#1"},
				"up": {"uv": [0, 0, 0, 0], "texture": "#1"},
				"down": {"uv": [0, 0, 0, 0], "texture": "#1"}
			}
		},
		{
			"from": [8, 10.375, 7.625],
			"to": [8.125, 12.25, 7.75],
			"faces": {
				"north": {"uv": [2.375, 5.5, 2.25, 7.375], "texture": "#1"},
				"east": {"uv": [2.375, 3.625, 2.25, 5.5], "texture": "#1"},
				"south": {"uv": [1.75, 0.125, 1.875, 2], "texture": "#1"},
				"west": {"uv": [2.25, 1.75, 2.375, 3.625], "texture": "#1"},
				"up": {"uv": [11.5, 15, 11.625, 14.875], "texture": "#1"},
				"down": {"uv": [0, 0, 0, 0], "texture": "#1"}
			}
		},
		{
			"from": [8, 10.75, 8.125],
			"to": [8.125, 12, 8.25],
			"faces": {
				"north": {"uv": [2.75, 13.75, 2.625, 15], "texture": "#1"},
				"east": {"uv": [3.25, 13.75, 3.125, 15], "texture": "#1"},
				"south": {"uv": [3.25, 13.75, 3.375, 15], "texture": "#1"},
				"west": {"uv": [3.75, 13.75, 3.875, 15], "texture": "#1"},
				"up": {"uv": [0, 0, 0, 0], "texture": "#1"},
				"down": {"uv": [11.5, 14.25, 11.625, 14.375], "texture": "#1"}
			}
		},
		{
			"from": [8, 11.875, 8.25],
			"to": [8.125, 12.875, 8.375],
			"faces": {
				"north": {"uv": [13.5, 15, 13.375, 16], "texture": "#1"},
				"east": {"uv": [12.875, 15, 12.75, 16], "texture": "#1"},
				"south": {"uv": [12.5, 15, 12.625, 16], "texture": "#1"},
				"west": {"uv": [12.625, 15, 12.75, 16], "texture": "#1"},
				"up": {"uv": [0, 0, 0, 0], "texture": "#1"},
				"down": {"uv": [11.625, 14.75, 11.75, 14.875], "texture": "#1"}
			}
		},
		{
			"from": [8, 12.125, 7.75],
			"to": [8.125, 13.125, 7.875],
			"faces": {
				"north": {"uv": [13, 15, 12.875, 16], "texture": "#1"},
				"east": {"uv": [13.375, 15, 13.25, 16], "texture": "#1"},
				"south": {"uv": [13, 15, 13.125, 16], "texture": "#1"},
				"west": {"uv": [13.125, 15, 13.25, 16], "texture": "#1"},
				"up": {"uv": [11.625, 14, 11.75, 13.875], "texture": "#1"},
				"down": {"uv": [0, 0, 0, 0], "texture": "#1"}
			}
		},
		{
			"from": [8, 12.75, 8.375],
			"to": [8.125, 13.875, 8.5],
			"faces": {
				"north": {"uv": [4.625, 13.875, 4.5, 15], "texture": "#1"},
				"east": {"uv": [4.75, 13.875, 4.625, 15], "texture": "#1"},
				"south": {"uv": [4.75, 13.875, 4.875, 15], "texture": "#1"},
				"west": {"uv": [4, 13.875, 4.125, 15], "texture": "#1"},
				"up": {"uv": [0, 0, 0, 0], "texture": "#1"},
				"down": {"uv": [11.75, 14.5, 11.875, 14.625], "texture": "#1"}
			}
		},
		{
			"from": [8, 13, 7.875],
			"to": [8.125, 13.75, 8],
			"faces": {
				"north": {"uv": [5.75, 14, 5.625, 14.75], "texture": "#1"},
				"east": {"uv": [15.625, 15.25, 15.5, 16], "texture": "#1"},
				"south": {"uv": [5, 14, 5.125, 14.75], "texture": "#1"},
				"west": {"uv": [15.625, 15.25, 15.75, 16], "texture": "#1"},
				"up": {"uv": [11.875, 15, 12, 14.875], "texture": "#1"},
				"down": {"uv": [0, 0, 0, 0], "texture": "#1"}
			}
		},
		{
			"from": [8, 13.625, 8],
			"to": [8.125, 14.375, 8.125],
			"faces": {
				"north": {"uv": [1.375, 0, 1.25, 0.75], "texture": "#1"},
				"east": {"uv": [5.625, 14, 5.5, 14.75], "texture": "#1"},
				"south": {"uv": [5.25, 14, 5.375, 14.75], "texture": "#1"},
				"west": {"uv": [5.375, 14, 5.5, 14.75], "texture": "#1"},
				"up": {"uv": [11.875, 14.25, 12, 14.125], "texture": "#1"},
				"down": {"uv": [0, 0, 0, 0], "texture": "#1"}
			}
		},
		{
			"from": [8, 13.75, 8.5],
			"to": [8.125, 15.875, 8.625],
			"faces": {
				"north": {"uv": [2.375, 11.625, 2.25, 13.75], "texture": "#1"},
				"east": {"uv": [2.375, 9.5, 2.25, 11.625], "texture": "#1"},
				"south": {"uv": [2.25, 7.375, 2.375, 9.5], "texture": "#1"},
				"west": {"uv": [2.125, 4.25, 2.25, 6.375], "texture": "#1"},
				"up": {"uv": [12, 14.75, 12.125, 14.625], "texture": "#1"},
				"down": {"uv": [12, 14.75, 12.125, 14.875], "texture": "#1"}
			}
		},
		{
			"from": [8, 14.125, 8.125],
			"to": [8.125, 14.625, 8.25],
			"faces": {
				"north": {"uv": [5, 13.75, 4.875, 14.25], "texture": "#1"},
				"east": {"uv": [6.125, 13.75, 6, 14.25], "texture": "#1"},
				"south": {"uv": [5.75, 13.75, 5.875, 14.25], "texture": "#1"},
				"west": {"uv": [5.875, 13.75, 6, 14.25], "texture": "#1"},
				"up": {"uv": [12, 14, 12.125, 13.875], "texture": "#1"},
				"down": {"uv": [0, 0, 0, 0], "texture": "#1"}
			}
		},
		{
			"from": [8, 14.25, 8.25],
			"to": [8.125, 15.125, 8.375],
			"faces": {
				"north": {"uv": [15.25, 15.125, 15.125, 16], "texture": "#1"},
				"east": {"uv": [15.125, 15.125, 15, 16], "texture": "#1"},
				"south": {"uv": [15.25, 15.125, 15.375, 16], "texture": "#1"},
				"west": {"uv": [15.375, 15.125, 15.5, 16], "texture": "#1"},
				"up": {"uv": [12.125, 14.5, 12.25, 14.375], "texture": "#1"},
				"down": {"uv": [0, 0, 0, 0], "texture": "#1"}
			}
		},
		{
			"from": [8, 14.375, 8.375],
			"to": [8.125, 15.5, 8.5],
			"faces": {
				"north": {"uv": [4.25, 13.875, 4.125, 15], "texture": "#1"},
				"east": {"uv": [4.5, 13.875, 4.375, 15], "texture": "#1"},
				"south": {"uv": [0, 0, 0, 0], "texture": "#1"},
				"west": {"uv": [4.25, 13.875, 4.375, 15], "texture": "#1"},
				"up": {"uv": [12.25, 15, 12.375, 14.875], "texture": "#1"},
				"down": {"uv": [0, 0, 0, 0], "texture": "#1"}
			}
		},
		{
			"from": [8, 14.5, 8.625],
			"to": [8.125, 16, 8.75],
			"faces": {
				"north": {"uv": [2.625, 10.75, 2.5, 12.25], "texture": "#1"},
				"east": {"uv": [2.5, 4.25, 2.375, 5.75], "texture": "#1"},
				"south": {"uv": [2.375, 1.25, 2.5, 2.75], "texture": "#1"},
				"west": {"uv": [2.375, 2.75, 2.5, 4.25], "texture": "#1"},
				"up": {"uv": [12.25, 14.25, 12.375, 14.125], "texture": "#1", "cullface": "up"},
				"down": {"uv": [12.25, 14.25, 12.375, 14.375], "texture": "#1"}
			}
		},
		{
			"from": [8, 15.25, 8.75],
			"to": [8.125, 16, 8.875],
			"faces": {
				"north": {"uv": [0, 0, 0, 0], "texture": "#1"},
				"east": {"uv": [5.875, 14.25, 5.75, 15], "texture": "#1"},
				"south": {"uv": [6.625, 14.25, 6.75, 15], "texture": "#1"},
				"west": {"uv": [6.75, 14.25, 6.875, 15], "texture": "#1"},
				"up": {"uv": [12.375, 14.75, 12.5, 14.625], "texture": "#1", "cullface": "up"},
				"down": {"uv": [12.375, 14.75, 12.5, 14.875], "texture": "#1"}
			}
		}
	],
	"display": {
		"thirdperson_righthand": {
			"translation": [0, 6, 0],
			"scale": [1.25, 1.25, 1.25]
		},
		"thirdperson_lefthand": {
			"translation": [0, 6, 0],
			"scale": [1.25, 1.25, 1.25]
		},
		"firstperson_righthand": {
			"translation": [0, 5, 0],
			"scale": [1.25, 1.25, 1.25]
		},
		"firstperson_lefthand": {
			"translation": [0, 5, 0],
			"scale": [1.25, 1.25, 1.25]
		},
		"ground": {
			"rotation": [90, 90, 0],
			"scale": [1.25, 1.25, 1.25]
		},
		"gui": {
			"rotation": [90, 45, -90]
		},
		"fixed": {
			"rotation": [0, 90, 0],
			"scale": [1.25, 1.25, 1.25]
		}
	}
}